// ARCHIVO GENERADO AUTOMÁTICAMENTE - MODELO TINYML INT8 PARA ESP32-S3
// Header guard fixed
#ifndef MODEL_DATA_H_
#define MODEL_DATA_H_

#include <cstdint>

alignas(8) const unsigned char g_model[] = {
  0x20, 0x00, 0x00, 0x00, 0x54, 0x46, 0x4c, 0x33, 0x00, 0x00, 0x00, 0x00, 
  0x14, 0x00, 0x20, 0x00, 0x1c, 0x00, 0x18, 0x00, 0x14, 0x00, 0x10, 0x00, 
  0x0c, 0x00, 0x00, 0x00, 0x08, 0x00, 0x04, 0x00, 0x14, 0x00, 0x00, 0x00, 
  0x1c, 0x00, 0x00, 0x00, 0x98, 0x00, 0x00, 0x00, 0xf0, 0x00, 0x00, 0x00, 
  0xcc, 0x2c, 0x00, 0x00, 0xdc, 0x2c, 0x00, 0x00, 0x64, 0x4f, 0x00, 0x00, 
  0x03, 0x00, 0x00, 0x00, 0x01, 0x00, 0x00, 0x00, 0x10, 0x00, 0x00, 0x00, 
  0x00, 0x00, 0x0a, 0x00, 0x10, 0x00, 0x0c, 0x00, 0x08, 0x00, 0x04, 0x00, 
  0x0a, 0x00, 0x00, 0x00, 0x0c, 0x00, 0x00, 0x00, 0x1c, 0x00, 0x00, 0x00, 
  0x3c, 0x00, 0x00, 0x00, 0x0f, 0x00, 0x00, 0x00, 0x73, 0x65, 0x72, 0x76, 
  0x69, 0x6e, 0x67, 0x5f, 0x64, 0x65, 0x66, 0x61, 0x75, 0x6c, 0x74, 0x00, 
  0x01, 0x00, 0x00, 0x00, 0x04, 0x00, 0x00, 0x00, 0x90, 0xff, 0xff, 0xff, 
  0x20, 0x00, 0x00, 0x00, 0x04, 0x00, 0x00, 0x00, 0x08, 0x00, 0x00, 0x00, 
  0x6f, 0x75, 0x74, 0x70, 0x75, 0x74, 0x5f, 0x30, 0x00, 0x00, 0x00, 0x00, 
  0x01, 0x00, 0x00, 0x00, 0x04, 0x00, 0x00, 0x00, 0xfe, 0xd2, 0xff, 0xff, 
  0x04, 0x00, 0x00, 0x00, 0x0c, 0x00, 0x00, 0x00, 0x6b, 0x65, 0x72, 0x61, 
  0x73, 0x5f, 0x74, 0x65, 0x6e, 0x73, 0x6f, 0x72, 0x00, 0x00, 0x00, 0x00, 
  0x02, 0x00, 0x00, 0x00, 0x34, 0x00, 0x00, 0x00, 0x04, 0x00, 0x00, 0x00, 
  0xdc, 0xff, 0xff, 0xff, 0x23, 0x00, 0x00, 0x00, 0x04, 0x00, 0x00, 0x00, 
  0x13, 0x00, 0x00, 0x00, 0x43, 0x4f, 0x4e, 0x56, 0x45, 0x52, 0x53, 0x49, 
  0x4f, 0x4e, 0x5f, 0x4d, 0x45, 0x54, 0x41, 0x44, 0x41, 0x54, 0x41, 0x00, 
  0x08, 0x00, 0x0c, 0x00, 0x08, 0x00, 0x04, 0x00, 0x08, 0x00, 0x00, 0x00, 
  0x22, 0x00, 0x00, 0x00, 0x04, 0x00, 0x00, 0x00, 0x13, 0x00, 0x00, 0x00, 
  0x6d, 0x69, 0x6e, 0x5f, 0x72, 0x75, 0x6e, 0x74, 0x69, 0x6d, 0x65, 0x5f, 
  0x76, 0x65, 0x72, 0x73, 0x69, 0x6f, 0x6e, 0x00, 0x24, 0x00, 0x00, 0x00, 
  0xd8, 0x2b, 0x00, 0x00, 0xd0, 0x2b, 0x00, 0x00, 0xb8, 0x2b, 0x00, 0x00, 
  0x9c, 0x2b, 0x00, 0x00, 0x2c, 0x2b, 0x00, 0x00, 0xfc, 0x2a, 0x00, 0x00, 
  0xcc, 0x2a, 0x00, 0x00, 0x3c, 0x2a, 0x00, 0x00, 0x2c, 0x06, 0x00, 0x00, 
  0xfc, 0x05, 0x00, 0x00, 0xcc, 0x05, 0x00, 0x00, 0x3c, 0x05, 0x00, 0x00, 
  0x2c, 0x03, 0x00, 0x00, 0xdc, 0x02, 0x00, 0x00, 0x3c, 0x02, 0x00, 0x00, 
  0x1c, 0x02, 0x00, 0x00, 0xfc, 0x01, 0x00, 0x00, 0xac, 0x01, 0x00, 0x00, 
  0x0c, 0x01, 0x00, 0x00, 0x04, 0x01, 0x00, 0x00, 0xfc, 0x00, 0x00, 0x00, 
  0xf4, 0x00, 0x00, 0x00, 0xec, 0x00, 0x00, 0x00, 0xe4, 0x00, 0x00, 0x00, 
  0xdc, 0x00, 0x00, 0x00, 0xd4, 0x00, 0x00, 0x00, 0xcc, 0x00, 0x00, 0x00, 
  0xc4, 0x00, 0x00, 0x00, 0xbc, 0x00, 0x00, 0x00, 0xb4, 0x00, 0x00, 0x00, 
  0xac, 0x00, 0x00, 0x00, 0xa4, 0x00, 0x00, 0x00, 0x9c, 0x00, 0x00, 0x00, 
  0x94, 0x00, 0x00, 0x00, 0x74, 0x00, 0x00, 0x00, 0x04, 0x00, 0x00, 0x00, 
  0x0a, 0xd4, 0xff, 0xff, 0x04, 0x00, 0x00, 0x00, 0x60, 0x00, 0x00, 0x00, 
  0x0c, 0x00, 0x00, 0x00, 0x08, 0x00, 0x0e, 0x00, 0x08, 0x00, 0x04, 0x00, 
  0x08, 0x00, 0x00, 0x00, 0x10, 0x00, 0x00, 0x00, 0x28, 0x00, 0x00, 0x00, 
  0x00, 0x00, 0x06, 0x00, 0x08, 0x00, 0x04, 0x00, 0x06, 0x00, 0x00, 0x00, 
  0x04, 0x00, 0x00, 0x00, 0x01, 0x00, 0x00, 0x00, 0xeb, 0x03, 0x00, 0x00, 
  0x0c, 0x00, 0x18, 0x00, 0x14, 0x00, 0x10, 0x00, 0x0c, 0x00, 0x04, 0x00, 
  0x0c, 0x00, 0x00, 0x00, 0x16, 0x31, 0x84, 0x92, 0x72, 0x89, 0x7c, 0x7f, 
  0x02, 0x00, 0x00, 0x00, 0x02, 0x00, 0x00, 0x00, 0x04, 0x00, 0x00, 0x00, 
  0x06, 0x00, 0x00, 0x00, 0x32, 0x2e, 0x32, 0x31, 0x2e, 0x30, 0x00, 0x00, 
  0x76, 0xd4, 0xff, 0xff, 0x04, 0x00, 0x00, 0x00, 0x10, 0x00, 0x00, 0x00, 
  0x31, 0x2e, 0x31, 0x34, 0x2e, 0x30, 0x00, 0x00, 0x00, 0x00, 0x00, 0x00, 
  0x00, 0x00, 0x00, 0x00, 0xa4, 0xb3, 0xff, 0xff, 0xa8, 0xb3, 0xff, 0xff, 
  0xac, 0xb3, 0xff, 0xff, 0xb0, 0xb3, 0xff, 0xff, 0xb4, 0xb3, 0xff, 0xff, 
  0xb8, 0xb3, 0xff, 0xff, 0xbc, 0xb3, 0xff, 0xff, 0xc0, 0xb3, 0xff, 0xff, 
  0xc4, 0xb3, 0xff, 0xff, 0xc8, 0xb3, 0xff, 0xff, 0xcc, 0xb3, 0xff, 0xff, 
  0xd0, 0xb3, 0xff, 0xff, 0xd4, 0xb3, 0xff, 0xff, 0xd8, 0xb3, 0xff, 0xff, 
  0xdc, 0xb3, 0xff, 0xff, 0xce, 0xd4, 0xff, 0xff, 0x04, 0x00, 0x00, 0x00, 
  0x90, 0x00, 0x00, 0x00, 0xf4, 0xed, 0xf3, 0x68, 0x15, 0x53, 0x95, 0xf2, 
  0x81, 0xd7, 0xde, 0x4a, 0x69, 0xd4, 0x1c, 0x7f, 0x85, 0xbd, 0x42, 0xb8, 
  0xef, 0x1b, 0xa0, 0x0d, 0x7f, 0x23, 0x12, 0xfa, 0xb6, 0x9a, 0x47, 0xf6, 
  0xdc, 0x81, 0xca, 0xbe, 0x08, 0x81, 0x92, 0x39, 0x35, 0x07, 0x25, 0xf4, 
  0x2b, 0x7f, 0x2a, 0x66, 0xc1, 0x23, 0x22, 0x35, 0x5a, 0xc8, 0x40, 0x17, 
  0x1c, 0xf0, 0x52, 0x7f, 0x25, 0xd2, 0xa4, 0x81, 0xc3, 0xa6, 0xc8, 0x3b, 
  0x46, 0x2a, 0x7f, 0x23, 0xfe, 0xc8, 0x81, 0xcc, 0x36, 0x51, 0x4c, 0xba, 
  0x2b, 0xc8, 0x27, 0x9d, 0x60, 0x1b, 0x7f, 0x39, 0xe7, 0xc3, 0xd5, 0xe8, 
  0x2e, 0x5d, 0x81, 0x65, 0xcd, 0x42, 0xe3, 0x7a, 0xee, 0xac, 0x7f, 0x40, 
  0x20, 0xed, 0x31, 0x9e, 0x87, 0x81, 0xea, 0x29, 0x63, 0xb2, 0xec, 0x88, 
  0xae, 0x46, 0xcc, 0x31, 0x5d, 0xeb, 0x38, 0x7f, 0xdf, 0xcf, 0x18, 0xaf, 
  0x81, 0x62, 0x52, 0xdf, 0xc3, 0xbc, 0x1b, 0x25, 0x7f, 0xe6, 0xab, 0x5d, 
  0xdc, 0xf0, 0xf0, 0x2d, 0x6a, 0xd5, 0xff, 0xff, 0x04, 0x00, 0x00, 0x00, 
  0x40, 0x00, 0x00, 0x00, 0x23, 0x02, 0x00, 0x00, 0x8d, 0xff, 0xff, 0xff, 
  0xe6, 0xf6, 0xff, 0xff, 0x66, 0xfe, 0xff, 0xff, 0x65, 0x00, 0x00, 0x00, 
  0x4b, 0xff, 0xff, 0xff, 0xa6, 0xfb, 0xff, 0xff, 0x58, 0xfc, 0xff, 0xff, 
  0x78, 0xf7, 0xff, 0xff, 0x57, 0x02, 0x00, 0x00, 0x05, 0xfe, 0xff, 0xff, 
  0xa1, 0xff, 0xff, 0xff, 0x5b, 0xfa, 0xff, 0xff, 0x35, 0xfe, 0xff, 0xff, 
  0xd7, 0xfd, 0xff, 0xff, 0xf7, 0xfe, 0xff, 0xff, 0xb6, 0xd5, 0xff, 0xff, 
  0x04, 0x00, 0x00, 0x00, 0x10, 0x00, 0x00, 0x00, 0x09, 0x15, 0x40, 0xd1, 
  0xf4, 0xe7, 0xfa, 0xfa, 0x7f, 0xec, 0x26, 0x15, 0xf8, 0x15, 0xfe, 0x1c, 
  0xd2, 0xd5, 0xff, 0xff, 0x04, 0x00, 0x00, 0x00, 0x10, 0x00, 0x00, 0x00, 
  0x82, 0xb5, 0xe2, 0xa9, 0xc3, 0x80, 0xae, 0xc5, 0xe9, 0x99, 0xd4, 0xb7, 
  0xda, 0xcb, 0xc9, 0x98, 0xee, 0xd5, 0xff, 0xff, 0x04, 0x00, 0x00, 0x00, 
  0x90, 0x00, 0x00, 0x00, 0x25, 0x47, 0xf8, 0x7f, 0xbd, 0x22, 0xd9, 0x23, 
  0xef, 0xfd, 0xe3, 0xd3, 0x1e, 0x7f, 0xed, 0x0c, 0xef, 0xd0, 0x84, 0x77, 
  0xd2, 0xa8, 0xcc, 0x7f, 0x0e, 0x81, 0x7f, 0xa3, 0xce, 0x0c, 0x47, 0x81, 
  0xd4, 0x32, 0xd8, 0x76, 0xbd, 0x81, 0xd2, 0x57, 0xf1, 0x85, 0xc0, 0xb4, 
  0xb2, 0xb8, 0x4a, 0xc7, 0x97, 0xc5, 0x7f, 0x56, 0x95, 0xc9, 0xc7, 0xc3, 
  0xa7, 0x28, 0x71, 0x81, 0x81, 0x5e, 0x26, 0x99, 0x81, 0xf2, 0x85, 0x15, 
  0x36, 0x37, 0x8f, 0x0a, 0x0d, 0x41, 0x53, 0xad, 0xfc, 0x21, 0x81, 0xbe, 
  0xce, 0x7f, 0xf7, 0x3f, 0xdc, 0x5c, 0x96, 0x2f, 0x08, 0x18, 0x42, 0xfa, 
  0x10, 0x0d, 0x82, 0x9e, 0xb5, 0xc7, 0x28, 0x32, 0x71, 0x7e, 0x81, 0x69, 
  0xe4, 0xfb, 0x24, 0x9f, 0xe1, 0xbe, 0x21, 0xf5, 0xd2, 0x3c, 0x25, 0xe7, 
  0x7f, 0x3b, 0xf8, 0x20, 0x7f, 0x60, 0xf8, 0xd3, 0x1e, 0x70, 0xf9, 0x0b, 
  0x08, 0xe5, 0x79, 0x1e, 0x7a, 0x4a, 0x89, 0x05, 0x6a, 0x2d, 0x59, 0x78, 
  0x49, 0x4a, 0xcd, 0xf1, 0x8a, 0xd6, 0xff, 0xff, 0x04, 0x00, 0x00, 0x00, 
  0x40, 0x00, 0x00, 0x00, 0xa7, 0x04, 0x00, 0x00, 0x55, 0xfb, 0xff, 0xff, 
  0xa1, 0xff, 0xff, 0xff, 0xd1, 0xfc, 0xff, 0xff, 0x77, 0x08, 0x00, 0x00, 
  0x34, 0xfe, 0xff, 0xff, 0x0b, 0x07, 0x00, 0x00, 0x63, 0x02, 0x00, 0x00, 
  0x5f, 0x01, 0x00, 0x00, 0x2a, 0x03, 0x00, 0x00, 0x5d, 0x02, 0x00, 0x00, 
  0x80, 0xfc, 0xff, 0xff, 0xef, 0xfe, 0xff, 0xff, 0x3b, 0x00, 0x00, 0x00, 
  0xd4, 0xfd, 0xff, 0xff, 0xee, 0x04, 0x00, 0x00, 0xd6, 0xd6, 0xff, 0xff, 
  0x04, 0x00, 0x00, 0x00, 0x00, 0x02, 0x00, 0x00, 0x7f, 0x66, 0xdf, 0xdc, 
  0xd1, 0x3e, 0xf0, 0x4b, 0x0f, 0x1d, 0x49, 0x59, 0x19, 0xa4, 0x67, 0x8c, 
  0x42, 0x09, 0xd4, 0x2a, 0x02, 0x18, 0xf2, 0x28, 0xeb, 0xe5, 0x2f, 0x11, 
  0xc3, 0xdf, 0xb6, 0x81, 0x0e, 0x4e, 0x03, 0xf7, 0xab, 0x2f, 0x01, 0x37, 
  0x27, 0x51, 0x1b, 0x81, 0xab, 0x3a, 0x1c, 0x66, 0x31, 0x3c, 0xa6, 0xd2, 
  0xbc, 0x55, 0xd1, 0x17, 0x9a, 0x52, 0xdd, 0x81, 0xde, 0x46, 0x99, 0x7b, 
  0x0f, 0xd3, 0x2e, 0xc0, 0xd7, 0xe0, 0xaf, 0xe7, 0x1e, 0xcf, 0xf9, 0x62, 
  0x7f, 0x74, 0x26, 0xdc, 0x7f, 0xdd, 0x15, 0x40, 0x89, 0x0b, 0x41, 0xbc, 
  0xd9, 0xb6, 0x94, 0xdf, 0xe9, 0xda, 0xb8, 0xf7, 0xd9, 0x47, 0xf6, 0x81, 
  0x82, 0xdf, 0x0b, 0xf2, 0xf6, 0x2c, 0x44, 0x9e, 0xc5, 0x34, 0x0d, 0x96, 
  0xac, 0xbb, 0xeb, 0x54, 0x45, 0xbd, 0x3f, 0xf7, 0xcb, 0x9d, 0x18, 0xe2, 
  0xf2, 0x60, 0xfb, 0x81, 0xea, 0x6d, 0x52, 0x37, 0xfd, 0x81, 0xb3, 0x8b, 
  0x25, 0x59, 0xa7, 0x48, 0x7c, 0x76, 0xc6, 0xa4, 0x98, 0x4d, 0xa0, 0x3d, 
  0xbb, 0xf3, 0x2c, 0xe6, 0xd6, 0x31, 0x7f, 0x1d, 0x0d, 0x49, 0xd9, 0x13, 
  0xcc, 0xd3, 0x0e, 0xf7, 0xfd, 0xf0, 0x5f, 0xb1, 0x04, 0xbb, 0xdf, 0x81, 
  0xe1, 0x5c, 0xb3, 0x84, 0x0c, 0xbc, 0x07, 0x18, 0x63, 0x20, 0x90, 0x39, 
  0xeb, 0x7f, 0xef, 0x5f, 0x02, 0x47, 0x2a, 0x40, 0xd7, 0x45, 0xff, 0x4e, 
  0x0f, 0x7f, 0xc7, 0x05, 0xbc, 0xf1, 0xbd, 0x18, 0xd8, 0x20, 0x4e, 0xf2, 
  0x29, 0xa0, 0x5f, 0xe7, 0xec, 0x7f, 0x7c, 0xb1, 0xf2, 0x06, 0x69, 0xf8, 
  0x3e, 0x91, 0xf5, 0xd2, 0x81, 0xbd, 0xb6, 0x5e, 0x07, 0xcf, 0xd7, 0x93, 
  0xf6, 0x41, 0xec, 0x08, 0xbe, 0xa8, 0xd6, 0x35, 0x01, 0xda, 0xb7, 0x95, 
  0xde, 0x4a, 0x92, 0xd6, 0xd7, 0x2e, 0x25, 0xfe, 0xc0, 0x00, 0xee, 0x81, 
  0x0d, 0xa3, 0xf1, 0x18, 0xc9, 0x1a, 0x6b, 0xee, 0xea, 0x6c, 0xb7, 0xe1, 
  0x8c, 0x7f, 0xcc, 0xd7, 0x22, 0xa3, 0xff, 0x01, 0x40, 0x44, 0x3f, 0xd2, 
  0x7f, 0x46, 0x25, 0xfd, 0x6b, 0xae, 0x7b, 0x2e, 0x0b, 0xdc, 0x81, 0xee, 
  0x1c, 0x24, 0x6a, 0xce, 0x05, 0x98, 0xfb, 0x21, 0x35, 0xcb, 0xa3, 0x18, 
  0x3b, 0xdc, 0x8e, 0x5d, 0x30, 0xca, 0x52, 0x9c, 0xd1, 0x81, 0x7d, 0x4b, 
  0x26, 0x2d, 0xf2, 0xf7, 0xc9, 0x8d, 0x81, 0x0f, 0x0e, 0xee, 0x9f, 0x55, 
  0x8d, 0xd8, 0xbc, 0x3a, 0x16, 0xa5, 0x4b, 0xff, 0x33, 0x77, 0xd0, 0x66, 
  0xe2, 0xff, 0xd5, 0x7f, 0xd9, 0xce, 0x24, 0xde, 0x9c, 0x1a, 0x93, 0xa2, 
  0x5b, 0xe5, 0x51, 0x47, 0xcd, 0xb5, 0xa6, 0xf5, 0x05, 0xba, 0x2c, 0xb0, 
  0x8e, 0x9e, 0xd8, 0x7f, 0x2d, 0xed, 0xcb, 0xad, 0x9f, 0xfc, 0x52, 0x42, 
  0x81, 0x10, 0xc2, 0xf2, 0xdb, 0xf6, 0xde, 0x53, 0x81, 0x37, 0xd1, 0x20, 
  0xf0, 0x13, 0x36, 0xdf, 0xeb, 0x4b, 0x19, 0xa9, 0xc6, 0xd2, 0xde, 0xfa, 
  0xb2, 0xcd, 0xe8, 0x0b, 0x22, 0x9c, 0x3c, 0x26, 0x1b, 0x85, 0x54, 0x96, 
  0x81, 0x5d, 0x94, 0x94, 0xdc, 0xd0, 0xba, 0xfb, 0xbb, 0x7f, 0x1c, 0xff, 
  0x10, 0x52, 0x1b, 0xe2, 0x21, 0xc8, 0xe6, 0x45, 0x31, 0x77, 0x1e, 0xe0, 
  0xe8, 0x81, 0x86, 0x0c, 0xc2, 0xe0, 0x25, 0xe5, 0xf8, 0x9d, 0x97, 0x9f, 
  0xd9, 0xf6, 0xce, 0xfb, 0xe7, 0x03, 0x58, 0xe5, 0xfd, 0x0e, 0x30, 0x1d, 
  0xcd, 0x0a, 0x0a, 0x81, 0x98, 0xbf, 0xfa, 0x11, 0x81, 0x65, 0xe1, 0xd6, 
  0xc1, 0x60, 0x28, 0x27, 0xbf, 0x16, 0xac, 0x11, 0x21, 0x0c, 0x18, 0xa8, 
  0x2e, 0xeb, 0xd4, 0x05, 0xfa, 0x63, 0x12, 0x7f, 0x3c, 0xe7, 0xfb, 0xf0, 
  0x0b, 0x4a, 0xd5, 0xd3, 0x58, 0x42, 0xc2, 0x47, 0x3d, 0xf0, 0x52, 0x7f, 
  0x42, 0x37, 0x2e, 0xd0, 0xe2, 0xd8, 0xff, 0xff, 0x04, 0x00, 0x00, 0x00, 
  0x80, 0x00, 0x00, 0x00, 0x60, 0x07, 0x00, 0x00, 0x70, 0x07, 0x00, 0x00, 
  0xa7, 0xfe, 0xff, 0xff, 0xa5, 0xfa, 0xff, 0xff, 0x9a, 0xff, 0xff, 0xff, 
  0xa7, 0xfd, 0xff, 0xff, 0x66, 0xf9, 0xff, 0xff, 0xf8, 0x00, 0x00, 0x00, 
  0x72, 0xf9, 0xff, 0xff, 0xe6, 0xfd, 0xff, 0xff, 0xaf, 0x02, 0x00, 0x00, 
  0xdd, 0xf9, 0xff, 0xff, 0x4c, 0xfb, 0xff, 0xff, 0xbe, 0x04, 0x00, 0x00, 
  0x67, 0xfd, 0xff, 0xff, 0xaf, 0xfb, 0xff, 0xff, 0xfd, 0xfe, 0xff, 0xff, 
  0xe6, 0x03, 0x00, 0x00, 0xa1, 0x03, 0x00, 0x00, 0x81, 0xfa, 0xff, 0xff, 
  0x0e, 0x04, 0x00, 0x00, 0x52, 0x01, 0x00, 0x00, 0x7c, 0x00, 0x00, 0x00, 
  0xe9, 0xfe, 0xff, 0xff, 0x9e, 0xf8, 0xff, 0xff, 0x4b, 0x01, 0x00, 0x00, 
  0xb7, 0xff, 0xff, 0xff, 0x2f, 0xff, 0xff, 0xff, 0x83, 0x00, 0x00, 0x00, 
  0x48, 0xfe, 0xff, 0xff, 0x36, 0xfd, 0xff, 0xff, 0x4e, 0x00, 0x00, 0x00, 
  0x6e, 0xd9, 0xff, 0xff, 0x04, 0x00, 0x00, 0x00, 0x20, 0x00, 0x00, 0x00, 
  0xa4, 0xc4, 0xa5, 0xc2, 0xc1, 0x3d, 0x10, 0xb1, 0xcf, 0xab, 0xfd, 0xa1, 
  0xb1, 0xae, 0xd4, 0x22, 0xc0, 0xa0, 0x26, 0xb4, 0x1d, 0xac, 0xcc, 0x2c, 
  0x03, 0xba, 0xb7, 0x7f, 0x03, 0xbe, 0xda, 0xa4, 0x9a, 0xd9, 0xff, 0xff, 
  0x04, 0x00, 0x00, 0x00, 0x20, 0x00, 0x00, 0x00, 0xb6, 0xa4, 0xaf, 0x26, 
  0x1c, 0x68, 0x3f, 0xe3, 0x21, 0xc2, 0x3b, 0xb4, 0xff, 0xe5, 0x41, 0x44, 
  0x0c, 0xbc, 0x4e, 0x06, 0x55, 0xc2, 0x2f, 0x5f, 0x2c, 0xe3, 0x04, 0x5f, 
  0x0e, 0x09, 0xfe, 0x80, 0xc6, 0xd9, 0xff, 0xff, 0x04, 0x00, 0x00, 0x00, 
  0x00, 0x24, 0x00, 0x00, 0x12, 0xd0, 0xd4, 0xd4, 0x21, 0x23, 0x21, 0xb9, 
  0xbe, 0xc1, 0xe0, 0x17, 0xdf, 0x1b, 0xab, 0xbb, 0xcf, 0xf9, 0x22, 0xfc, 
  0x4b, 0xe5, 0x04, 0x17, 0xd8, 0x9e, 0x2b, 0xfa, 0xf0, 0x9e, 0x08, 0x04, 
  0x23, 0xef, 0xaf, 0xfd, 0xff, 0x42, 0xd5, 0xfe, 0xf2, 0xa6, 0xd9, 0xce, 
  0xf5, 0xe1, 0xdf, 0xd0, 0x81, 0x06, 0x37, 0x19, 0x3a, 0xad, 0xb1, 0x08, 
  0xc0, 0xfc, 0xb7, 0x2e, 0xb4, 0xeb, 0x44, 0xf0, 0x00, 0xe2, 0xf9, 0xdd, 
  0x2d, 0x15, 0xc5, 0x0c, 0x4a, 0x9a, 0x31, 0xdc, 0x0c, 0xe6, 0xd1, 0xa1, 
  0xf8, 0xfc, 0x0f, 0x21, 0x1f, 0x24, 0xdc, 0x1e, 0xdb, 0xd8, 0x13, 0x06, 
  0xce, 0xc5, 0x76, 0x40, 0x18, 0x15, 0xde, 0xe4, 0xda, 0x1e, 0xb4, 0xe6, 
  0x13, 0xef, 0xed, 0x08, 0xd0, 0xd0, 0xfc, 0xc0, 0xea, 0x3d, 0x29, 0x26, 
  0x0b, 0x01, 0xd9, 0x0c, 0xd4, 0x9c, 0x2d, 0x50, 0xf2, 0xcc, 0x0e, 0xfa, 
  0x34, 0x10, 0xd7, 0xcb, 0xdd, 0xfe, 0x15, 0xb9, 0x27, 0xee, 0xe8, 0x24, 
  0xe4, 0x1f, 0xe5, 0x08, 0x16, 0x08, 0x2a, 0xc2, 0x39, 0xf6, 0xf6, 0x09, 
  0xf6, 0xac, 0xfc, 0x1e, 0xd1, 0x07, 0x24, 0x4d, 0x34, 0x2b, 0x1f, 0xf4, 
  0x36, 0xf9, 0xeb, 0xfe, 0xff, 0xc3, 0xec, 0x14, 0x42, 0x03, 0xe1, 0xf1, 
  0x2b, 0x46, 0xeb, 0x12, 0x11, 0x1f, 0x06, 0x1f, 0xe0, 0xfb, 0x33, 0x1f, 
  0x09, 0x03, 0x25, 0x59, 0xd9, 0xc9, 0x08, 0x14, 0x10, 0xdb, 0xe5, 0xda, 
  0xf4, 0xd3, 0xf0, 0xda, 0xda, 0x16, 0x16, 0xd4, 0x21, 0xf7, 0x20, 0x28, 
  0xf6, 0xf1, 0xd5, 0xe3, 0x0f, 0xdb, 0xfc, 0x09, 0xca, 0xc2, 0xf6, 0xa1, 
  0xef, 0xbf, 0xd4, 0xf8, 0x1a, 0xda, 0xdc, 0xe7, 0x35, 0xdb, 0xc9, 0x25, 
  0x26, 0x1b, 0xf8, 0x07, 0xfc, 0x16, 0xf7, 0x2e, 0xf3, 0xea, 0x0f, 0xf9, 
  0x06, 0xe4, 0x01, 0xfd, 0xd3, 0xce, 0x13, 0xa0, 0xe5, 0x0d, 0x1e, 0xe0, 
  0x5e, 0x14, 0xea, 0xf7, 0x3d, 0xcd, 0x08, 0x08, 0x3b, 0x14, 0x2d, 0x01, 
  0xe9, 0x0f, 0xf4, 0x35, 0x13, 0xc9, 0x1c, 0x28, 0xd7, 0xd1, 0xe9, 0xf5, 
  0xe7, 0xff, 0x09, 0xf2, 0x0c, 0xf4, 0xde, 0xdf, 0x19, 0x37, 0xc0, 0x06, 
  0xd5, 0xeb, 0xe7, 0xf8, 0x0d, 0x12, 0x31, 0xf3, 0xb5, 0x18, 0x31, 0x2b, 
  0x1b, 0x39, 0xfb, 0x14, 0xfb, 0xbd, 0xcf, 0x09, 0xae, 0xcf, 0x34, 0xd2, 
  0x31, 0xe9, 0xb5, 0x02, 0xe6, 0x3c, 0xc1, 0xcc, 0x16, 0xa4, 0x08, 0x14, 
  0x17, 0xda, 0x1d, 0xd0, 0xd5, 0x38, 0x13, 0xed, 0x49, 0x20, 0xe4, 0x1c, 
  0xd4, 0x96, 0xdc, 0xd1, 0xbe, 0xee, 0x0f, 0x1c, 0xe3, 0x27, 0xc8, 0xd4, 
  0xb3, 0x34, 0xe5, 0xfc, 0x18, 0xf3, 0xef, 0x09, 0xde, 0xe0, 0xf6, 0xdc, 
  0xd8, 0x02, 0x28, 0x23, 0x27, 0xe5, 0x22, 0xfc, 0xd7, 0xfe, 0x2d, 0x0a, 
  0xc1, 0xf0, 0xd5, 0xf6, 0x21, 0x0b, 0x19, 0xe1, 0xe7, 0x0a, 0xee, 0xef, 
  0xf1, 0x10, 0x03, 0x28, 0x36, 0xf9, 0xf1, 0xd2, 0xe1, 0x18, 0x2e, 0xd6, 
  0x09, 0x03, 0xef, 0x17, 0xdd, 0x8d, 0x1e, 0x23, 0xcb, 0x0b, 0x2a, 0x19, 
  0x0b, 0x37, 0x04, 0xe9, 0xdd, 0x15, 0xf6, 0xff, 0x01, 0x04, 0xf8, 0x26, 
  0x06, 0xf7, 0xf5, 0xd9, 0x0b, 0x1c, 0x1c, 0x05, 0xef, 0x0a, 0xde, 0x01, 
  0xcf, 0x94, 0x0d, 0xf4, 0xee, 0xe3, 0x2a, 0x34, 0x0b, 0x27, 0x17, 0x1b, 
  0xea, 0x0c, 0xec, 0xd9, 0xe8, 0xde, 0xd4, 0x1a, 0xf2, 0x24, 0x08, 0x01, 
  0xd8, 0x16, 0x0c, 0xf9, 0x1a, 0xf1, 0xe1, 0xfb, 0xdd, 0x81, 0xfd, 0x06, 
  0xfa, 0xef, 0x38, 0x47, 0xee, 0xba, 0x02, 0xf2, 0x42, 0x1e, 0xce, 0x2a, 
  0x27, 0xc9, 0xe4, 0x0e, 0x09, 0x00, 0x44, 0x27, 0xff, 0x1d, 0xea, 0xeb, 
  0x0d, 0xca, 0x16, 0x14, 0x05, 0xc4, 0xfa, 0xef, 0xd0, 0x20, 0xf7, 0xe2, 
  0x0a, 0xe0, 0xdf, 0x0e, 0x08, 0x13, 0xe2, 0x1e, 0x2a, 0xec, 0xe3, 0xfa, 
  0x06, 0x01, 0x2b, 0xf0, 0x00, 0x11, 0xe0, 0x27, 0xff, 0xd5, 0x1c, 0x0c, 
  0xf2, 0xea, 0x04, 0xcc, 0xb3, 0x05, 0x15, 0xfd, 0x05, 0xf0, 0x09, 0xea, 
  0x3f, 0xeb, 0xf4, 0x0b, 0x2f, 0xcb, 0xde, 0xf1, 0x1e, 0x12, 0x5d, 0xde, 
  0xef, 0x2d, 0xe1, 0x33, 0xf8, 0x01, 0x2d, 0x0c, 0xf6, 0xee, 0xd5, 0x24, 
  0xc6, 0x09, 0x1e, 0xbb, 0xcd, 0xe2, 0xd1, 0xb2, 0x46, 0x2e, 0xda, 0xf2, 
  0xd7, 0xd5, 0xef, 0xf1, 0x06, 0x03, 0xe9, 0xcc, 0xc3, 0x31, 0x44, 0xdc, 
  0xfc, 0xdd, 0xcc, 0x3f, 0x81, 0x0b, 0xe1, 0x0a, 0xd4, 0xee, 0x53, 0xf2, 
  0xf5, 0xd3, 0xba, 0x06, 0x16, 0x2b, 0xde, 0x26, 0x0d, 0xc0, 0x0a, 0x31, 
  0xed, 0xf3, 0xdc, 0xe0, 0xeb, 0x25, 0x17, 0xf9, 0xf2, 0xf1, 0xfa, 0x32, 
  0x9c, 0xd6, 0x03, 0x28, 0xad, 0xfb, 0x3d, 0xef, 0xbf, 0x1a, 0xf0, 0xed, 
  0x3e, 0x51, 0xc6, 0x25, 0x1e, 0x06, 0x1a, 0xf0, 0x0d, 0xdb, 0x31, 0xe0, 
  0xe1, 0x51, 0x4e, 0xfa, 0x08, 0x13, 0x19, 0x17, 0xe0, 0xc5, 0xf3, 0x20, 
  0xbf, 0xd4, 0x0a, 0xe7, 0x0d, 0xe3, 0x0f, 0x23, 0xf3, 0x03, 0xd2, 0xcb, 
  0x01, 0xfc, 0xe8, 0xfe, 0x2e, 0x31, 0xbb, 0xcb, 0xda, 0x11, 0x56, 0xd9, 
  0x24, 0x0b, 0xf2, 0x41, 0xf6, 0xd6, 0xfe, 0xe9, 0x13, 0x00, 0x52, 0xe5, 
  0x43, 0xfb, 0x1c, 0x08, 0x1f, 0x15, 0x2e, 0xb8, 0x24, 0x18, 0xfd, 0x18, 
  0x38, 0x34, 0xbd, 0xde, 0x0b, 0x0b, 0x12, 0x03, 0x23, 0x18, 0xd3, 0x24, 
  0xe2, 0xe5, 0x14, 0x0a, 0xcf, 0x1b, 0x3b, 0xfb, 0x05, 0xfc, 0xd9, 0xe1, 
  0xeb, 0xf8, 0xcf, 0xdb, 0x1f, 0xea, 0xff, 0x39, 0x09, 0x28, 0xfd, 0xfe, 
  0x2f, 0x01, 0x0d, 0xed, 0x37, 0x1e, 0xce, 0x22, 0xfc, 0xc8, 0x36, 0xff, 
  0xe4, 0xe0, 0x4a, 0x04, 0xdb, 0xf9, 0x16, 0xce, 0x30, 0xdb, 0xd1, 0x05, 
  0x0d, 0xf0, 0x16, 0xd2, 0xe3, 0x19, 0x07, 0xe9, 0x21, 0xf4, 0xdc, 0x1f, 
  0xfd, 0xba, 0x19, 0xe8, 0xd1, 0xd4, 0x08, 0x0e, 0xea, 0xdf, 0xff, 0xf9, 
  0xd5, 0xf7, 0xfb, 0xe5, 0x36, 0xd5, 0xdd, 0x04, 0x31, 0xd5, 0xd1, 0xe0, 
  0x27, 0x09, 0x2b, 0xd6, 0x0d, 0x17, 0xcc, 0xf2, 0x0f, 0xb3, 0x2e, 0xc8, 
  0x11, 0x1e, 0x05, 0x0f, 0xcd, 0x03, 0xe3, 0xe7, 0xea, 0xeb, 0xd3, 0xc5, 
  0x19, 0xc4, 0xf3, 0x0f, 0x1c, 0x09, 0x01, 0x1d, 0x07, 0x25, 0x37, 0xce, 
  0xed, 0x2b, 0xda, 0x2b, 0x11, 0xc9, 0x32, 0x10, 0x57, 0x0f, 0xf6, 0x08, 
  0xc6, 0xfd, 0x0e, 0xd3, 0xf5, 0x06, 0x16, 0x1a, 0xfe, 0x9f, 0x06, 0xf8, 
  0xce, 0x14, 0xf6, 0x39, 0x47, 0x2f, 0xf2, 0x11, 0xed, 0x2b, 0x2d, 0x28, 
  0x1e, 0xfe, 0x06, 0xd1, 0x49, 0x2f, 0x37, 0xda, 0xe1, 0x31, 0xd6, 0x0c, 
  0x10, 0x23, 0x4b, 0x04, 0x11, 0xa9, 0xf6, 0xd5, 0x07, 0xfe, 0xd1, 0x35, 
  0xed, 0x16, 0xe6, 0xe8, 0x21, 0x37, 0x41, 0x17, 0xd1, 0x31, 0x04, 0x0f, 
  0x3d, 0x0d, 0x2d, 0xeb, 0x53, 0x1c, 0xc1, 0xe4, 0xf5, 0x00, 0x37, 0x35, 
  0xdc, 0x81, 0x13, 0x0e, 0x04, 0x3b, 0xe5, 0x0f, 0xd0, 0x0f, 0xe4, 0x19, 
  0xb5, 0x24, 0x2b, 0xba, 0xe1, 0x02, 0xf9, 0x0e, 0x41, 0x43, 0x26, 0xdd, 
  0xf9, 0x0f, 0xb5, 0xd9, 0xd6, 0x21, 0xea, 0x19, 0xf5, 0x3f, 0xe5, 0x0a, 
  0xc3, 0xd1, 0xd0, 0xf4, 0x1b, 0x1b, 0x50, 0x2d, 0x1d, 0x49, 0x3b, 0xe9, 
  0xca, 0xe0, 0x16, 0xdb, 0x58, 0x10, 0x3a, 0xce, 0xfe, 0x1b, 0xae, 0x03, 
  0xd5, 0x1a, 0x0a, 0x3e, 0xb5, 0xee, 0x29, 0xfc, 0xe4, 0xd8, 0x0d, 0xdb, 
  0x2b, 0x3b, 0x57, 0x4c, 0xf6, 0x29, 0x2a, 0xd0, 0xb9, 0xf6, 0x0c, 0x01, 
  0x13, 0xed, 0x3c, 0xa9, 0xd6, 0x32, 0xba, 0xee, 0xdc, 0x27, 0xdd, 0x40, 
  0xbf, 0x07, 0xc3, 0x20, 0xd5, 0xe3, 0xf0, 0x0b, 0x0a, 0xf4, 0x07, 0x00, 
  0xfa, 0x04, 0x34, 0xde, 0xe2, 0x0c, 0xe3, 0x06, 0x18, 0x30, 0x25, 0x03, 
  0x30, 0x25, 0xc9, 0xc9, 0x17, 0x42, 0x1c, 0x0f, 0xde, 0x47, 0x21, 0x1d, 
  0x09, 0xda, 0xe3, 0xcf, 0xdb, 0x52, 0x41, 0x0d, 0xe4, 0x1d, 0x46, 0x37, 
  0xd9, 0x01, 0xb9, 0xf2, 0x0a, 0x1a, 0xec, 0xe4, 0x2c, 0xd7, 0xac, 0x1c, 
  0x18, 0x10, 0x39, 0x2d, 0x1b, 0x2d, 0x2b, 0x24, 0xc8, 0x18, 0xd9, 0x9a, 
  0xdc, 0x38, 0xd5, 0x04, 0xdc, 0x2b, 0x32, 0xff, 0xad, 0x1b, 0xdf, 0xde, 
  0x46, 0xd8, 0x09, 0xd3, 0x19, 0x11, 0x92, 0x1c, 0x11, 0x37, 0xf5, 0x22, 
  0xd3, 0x58, 0x14, 0xee, 0xd3, 0x45, 0x25, 0x88, 0x13, 0x37, 0x31, 0x1a, 
  0xee, 0xeb, 0x13, 0x1a, 0xe9, 0x01, 0xca, 0x05, 0x2c, 0xff, 0x0b, 0xc5, 
  0x31, 0xef, 0xcc, 0x0a, 0x58, 0x1a, 0x4e, 0x56, 0xa0, 0xde, 0xf8, 0x6e, 
  0xfd, 0x18, 0x0b, 0xdc, 0x1b, 0xf8, 0x4b, 0xfc, 0x2f, 0x11, 0xde, 0x67, 
  0xb9, 0xed, 0x43, 0xc0, 0x11, 0xd8, 0x0f, 0xdd, 0x62, 0xf2, 0xef, 0x41, 
  0xef, 0x7f, 0xf0, 0xec, 0xe9, 0xd1, 0x3a, 0x5f, 0xe2, 0x0b, 0x42, 0x06, 
  0xff, 0xd5, 0xe9, 0x57, 0x02, 0xd4, 0xd9, 0x4e, 0xdd, 0x34, 0x42, 0xf5, 
  0x28, 0x21, 0xe5, 0x05, 0x29, 0x1f, 0xe7, 0x28, 0xf5, 0x05, 0xe9, 0x2f, 
  0xe7, 0x9e, 0x3a, 0x53, 0xc4, 0x3a, 0x10, 0xad, 0xed, 0xed, 0xf8, 0x52, 
  0x0f, 0x13, 0xf8, 0x11, 0x84, 0x0c, 0xd4, 0x99, 0xf0, 0x51, 0x1c, 0x36, 
  0x0c, 0x10, 0xce, 0x4f, 0xf7, 0x52, 0x0b, 0x1d, 0x26, 0x0c, 0x1c, 0x5a, 
  0xf0, 0x47, 0x30, 0xe4, 0x10, 0x0f, 0x4e, 0x59, 0x4b, 0x1b, 0x4e, 0x6f, 
  0xd5, 0xf8, 0xd9, 0x87, 0x1d, 0xfd, 0x4e, 0x2c, 0x23, 0x23, 0x9a, 0x10, 
  0x07, 0x4d, 0xce, 0xee, 0xe6, 0x01, 0x13, 0x57, 0x2a, 0x30, 0x43, 0xfa, 
  0x34, 0xee, 0xfc, 0x26, 0x37, 0x13, 0x1f, 0x1e, 0xd2, 0xef, 0xe1, 0xd4, 
  0x1b, 0x2e, 0x12, 0x18, 0x59, 0x3d, 0xc7, 0x1e, 0x29, 0x29, 0xd6, 0x45, 
  0x0d, 0xfc, 0x1e, 0x41, 0xc4, 0x29, 0x22, 0xf7, 0xc6, 0x52, 0x26, 0x70, 
  0xf8, 0xc1, 0x10, 0xf7, 0xbc, 0xf7, 0xee, 0x9e, 0xdb, 0xce, 0x34, 0xd9, 
  0x01, 0x2f, 0xa5, 0xc3, 0x07, 0xfe, 0xe2, 0xf4, 0x15, 0x4f, 0x09, 0x1d, 
  0x0d, 0x51, 0x45, 0x15, 0xfe, 0x06, 0x08, 0x51, 0xe4, 0xdf, 0x35, 0x55, 
  0xa5, 0xe3, 0x20, 0xf9, 0x3f, 0xda, 0xe7, 0xe7, 0x42, 0x51, 0xda, 0xcf, 
  0x4f, 0x08, 0x32, 0x46, 0x13, 0x3a, 0xd4, 0x04, 0xe1, 0x2d, 0xd9, 0xf8, 
  0xc3, 0x49, 0xfb, 0x57, 0xe9, 0x20, 0x0b, 0x4e, 0xfa, 0x40, 0xc9, 0x07, 
  0xb1, 0x26, 0x2b, 0xdb, 0x26, 0x31, 0xa9, 0xe0, 0x1e, 0x49, 0x24, 0xfe, 
  0xe9, 0xf5, 0xee, 0x21, 0x36, 0x17, 0x19, 0xb2, 0x3b, 0x34, 0xec, 0x35, 
  0xf8, 0x28, 0x53, 0xdc, 0x98, 0xfd, 0x06, 0xb3, 0x23, 0xdd, 0x14, 0xf3, 
  0x6f, 0x4d, 0xd4, 0x17, 0xe0, 0xe4, 0x09, 0xe8, 0x0e, 0x1f, 0xdb, 0xb3, 
  0x15, 0xe9, 0xd9, 0xc7, 0x10, 0xd4, 0xe4, 0xf3, 0x14, 0x14, 0xd6, 0x26, 
  0x2f, 0x0b, 0xde, 0x5c, 0xb2, 0x08, 0x1c, 0x2b, 0xc3, 0xb9, 0x70, 0x36, 
  0x14, 0x2f, 0xe8, 0xf0, 0xd9, 0x13, 0xff, 0xc7, 0xe1, 0x38, 0xc8, 0xcc, 
  0xc4, 0x2c, 0xfa, 0x01, 0x13, 0x3e, 0xed, 0xf0, 0x3a, 0x15, 0xed, 0xf2, 
  0xfc, 0xce, 0xdf, 0xe4, 0xcd, 0xbc, 0x36, 0x22, 0x30, 0x26, 0xfa, 0xc0, 
  0x2f, 0x1d, 0x1b, 0xdc, 0xfe, 0x01, 0xf1, 0xce, 0x11, 0x24, 0xf1, 0xe3, 
  0xe4, 0x08, 0x22, 0x33, 0x4f, 0x05, 0x2b, 0x11, 0xbe, 0x34, 0xb9, 0xf1, 
  0xfe, 0xbf, 0x7f, 0x22, 0xd2, 0xea, 0x06, 0xca, 0xe7, 0xea, 0x00, 0x16, 
  0x49, 0xd1, 0x01, 0x2a, 0xd9, 0xde, 0xf4, 0xda, 0x00, 0x01, 0xec, 0xd2, 
  0x12, 0x23, 0x15, 0x27, 0xb1, 0xc7, 0xee, 0x50, 0x2e, 0xd8, 0x31, 0x32, 
  0x50, 0x45, 0x13, 0xcf, 0xcb, 0xf1, 0x17, 0xc2, 0x44, 0xe3, 0xbe, 0x17, 
  0xcd, 0xd5, 0xe3, 0xc6, 0xb1, 0x29, 0x00, 0x02, 0x2f, 0xe2, 0x52, 0xf3, 
  0xff, 0x26, 0xc0, 0x08, 0x31, 0x96, 0x4d, 0xf7, 0x57, 0x1b, 0xc2, 0xb1, 
  0x27, 0x0d, 0xff, 0xee, 0x30, 0xd0, 0x27, 0x2b, 0x0c, 0xf4, 0xd3, 0xad, 
  0xff, 0xea, 0xee, 0x3d, 0x3d, 0x26, 0x52, 0x24, 0xf2, 0x26, 0x26, 0xfb, 
  0xd3, 0xd3, 0x68, 0x20, 0x0d, 0xa2, 0x9a, 0xbd, 0xcc, 0x1f, 0x16, 0x8b, 
  0x08, 0xdf, 0x08, 0xf9, 0xd5, 0xd6, 0x31, 0xe3, 0x01, 0xf2, 0x0e, 0xa5, 
  0x48, 0xee, 0xf4, 0x4a, 0xbe, 0xec, 0xcc, 0x01, 0xa6, 0xab, 0x26, 0x09, 
  0x15, 0xde, 0xbf, 0xb5, 0xc3, 0xf6, 0x9f, 0xed, 0xde, 0xa8, 0xf4, 0xff, 
  0xcd, 0xde, 0x3e, 0xfa, 0xe5, 0xed, 0xf2, 0xd4, 0x4a, 0xc3, 0x37, 0x05, 
  0xdd, 0xc5, 0x2d, 0x01, 0xb6, 0xd9, 0x11, 0x13, 0x48, 0xc8, 0xc8, 0xdd, 
  0x2e, 0x0d, 0xe1, 0xca, 0x28, 0xc2, 0x17, 0x4d, 0x02, 0xf1, 0x21, 0x1f, 
  0xc0, 0x2b, 0x19, 0x09, 0x39, 0xfb, 0x3d, 0x52, 0xdd, 0x08, 0x3c, 0x1c, 
  0xb7, 0xe7, 0x29, 0xfb, 0xfa, 0x14, 0xe9, 0xd9, 0xcc, 0x18, 0xcb, 0x0e, 
  0xe8, 0x01, 0xfc, 0x29, 0x2c, 0x35, 0x08, 0xda, 0x19, 0x46, 0x16, 0x14, 
  0x35, 0x3c, 0xf9, 0x20, 0xf9, 0xcd, 0x16, 0xf6, 0x02, 0xdd, 0x0c, 0x0b, 
  0x38, 0x3c, 0x10, 0xc8, 0xd5, 0x2a, 0xb1, 0xfa, 0xee, 0xc2, 0x0a, 0x1b, 
  0x3c, 0xf9, 0x1d, 0x0d, 0x16, 0x41, 0xf8, 0xed, 0x1e, 0x20, 0xf5, 0x1e, 
  0xec, 0xbd, 0xe6, 0xdc, 0xd0, 0xe8, 0x27, 0x29, 0xfd, 0x0e, 0xf0, 0xd2, 
  0xdb, 0x2c, 0xc8, 0x26, 0xf6, 0xc3, 0xcf, 0xf1, 0x18, 0xe6, 0x23, 0x02, 
  0xe3, 0x03, 0xff, 0x21, 0x1e, 0x19, 0x1f, 0x0c, 0x14, 0xdc, 0xf2, 0xef, 
  0xc3, 0xf8, 0x0a, 0x0a, 0x27, 0x38, 0xf2, 0xf3, 0xc7, 0xf8, 0x20, 0xe9, 
  0x0d, 0x18, 0xe8, 0x1a, 0xfe, 0x02, 0xf0, 0xd5, 0xe2, 0x20, 0xdc, 0xf2, 
  0x2f, 0xfa, 0x08, 0x02, 0x11, 0xba, 0x11, 0x21, 0xd0, 0x0e, 0x57, 0x2b, 
  0x07, 0xff, 0xfc, 0xbe, 0x0e, 0x11, 0xa8, 0xf5, 0x19, 0xd4, 0xb9, 0x0b, 
  0x0a, 0xe5, 0xef, 0xcf, 0xe7, 0x0f, 0x05, 0x1c, 0x24, 0x1b, 0x15, 0xf8, 
  0xf4, 0xa9, 0x02, 0x24, 0xc4, 0xd5, 0x5c, 0xf2, 0x0f, 0x2e, 0xd6, 0xcc, 
  0xe0, 0xf6, 0xa5, 0xae, 0x1c, 0x05, 0xd2, 0x07, 0x0c, 0x14, 0xf0, 0xb6, 
  0xdf, 0x47, 0xe4, 0xd8, 0x2b, 0xe1, 0x19, 0x07, 0xf6, 0xa6, 0xd4, 0xdd, 
  0xa7, 0xde, 0x47, 0x2a, 0xd1, 0xd9, 0xa2, 0xd1, 0x20, 0xf2, 0xa0, 0x1e, 
  0xe9, 0xf5, 0xe3, 0x10, 0xd8, 0xdb, 0x32, 0x11, 0x0d, 0x19, 0x19, 0xe4, 
  0x2d, 0xcc, 0x37, 0x13, 0xff, 0xaa, 0x10, 0x03, 0xc8, 0xf8, 0xff, 0xcb, 
  0xd3, 0x0e, 0xee, 0xdf, 0x1e, 0xf6, 0xab, 0xdd, 0x1c, 0xa9, 0x0b, 0x0f, 
  0xdc, 0x08, 0x2a, 0xc8, 0xbd, 0x22, 0xee, 0x1d, 0x3a, 0x03, 0x2d, 0x0e, 
  0x3d, 0xbd, 0xec, 0xe6, 0x9c, 0xd1, 0x1e, 0xd5, 0xd1, 0xfc, 0xb7, 0xc7, 
  0xf6, 0x01, 0xa1, 0x03, 0xf4, 0xd3, 0x9f, 0xcc, 0xf7, 0xcd, 0x28, 0xe5, 
  0x00, 0x29, 0x10, 0xd0, 0x30, 0xf4, 0x11, 0xf7, 0x09, 0x81, 0x26, 0xfb, 
  0xad, 0xcb, 0xf4, 0xf3, 0x14, 0x12, 0xdc, 0x37, 0xf8, 0xc2, 0x3b, 0x11, 
  0xf4, 0x1a, 0x09, 0xce, 0xf9, 0xdb, 0xfd, 0x24, 0x0c, 0xf0, 0xe9, 0x63, 
  0xdb, 0x1e, 0x24, 0xf9, 0x20, 0x27, 0x18, 0x35, 0x29, 0xe3, 0xff, 0x10, 
  0xff, 0x59, 0x2c, 0x02, 0xc9, 0xfe, 0x36, 0x31, 0x20, 0x27, 0xed, 0x03, 
  0xee, 0xe1, 0x35, 0x48, 0x10, 0xf4, 0xe7, 0xfe, 0x9b, 0x38, 0x0e, 0xa4, 
  0xef, 0x31, 0xcb, 0xfb, 0x51, 0xdc, 0xd5, 0xda, 0xf9, 0xf3, 0x41, 0x2c, 
  0xe4, 0xcb, 0x3c, 0x0a, 0x00, 0x30, 0xe5, 0x00, 0xd1, 0x16, 0xfc, 0x3b, 
  0x27, 0xd2, 0xd4, 0xfa, 0x81, 0xe2, 0x21, 0xa5, 0xd8, 0xf6, 0x20, 0x2a, 
  0x04, 0xcb, 0xce, 0xf2, 0xfc, 0x50, 0xee, 0x3c, 0xfe, 0x0c, 0x19, 0x0f, 
  0xe8, 0x36, 0x04, 0x02, 0x16, 0xfb, 0x1e, 0x0c, 0x40, 0xfd, 0x08, 0x30, 
  0xe1, 0xe2, 0x0e, 0xf1, 0xea, 0xf0, 0xfd, 0xec, 0x52, 0x0b, 0xc0, 0xfb, 
  0x3e, 0x03, 0xd3, 0x3f, 0x12, 0xe0, 0xf5, 0x58, 0xfe, 0x13, 0x27, 0xd3, 
  0x0e, 0x25, 0x28, 0x1c, 0xf6, 0xfe, 0xfc, 0x39, 0xdf, 0x09, 0x02, 0xc9, 
  0xe2, 0x28, 0xdb, 0x10, 0x36, 0x09, 0xcc, 0x2e, 0x31, 0x2a, 0x11, 0x04, 
  0xe6, 0xf1, 0x0a, 0x44, 0xfd, 0xec, 0x04, 0xe3, 0x02, 0x3c, 0x3a, 0x45, 
  0xf5, 0x1a, 0xf2, 0x55, 0xcc, 0x08, 0xda, 0xc3, 0xc9, 0x33, 0xe1, 0x12, 
  0x5c, 0x00, 0xc4, 0x17, 0x32, 0x02, 0xd5, 0x4f, 0x03, 0x04, 0x0b, 0x1e, 
  0x19, 0x13, 0x22, 0x28, 0xfd, 0x2f, 0xf7, 0x12, 0x09, 0x31, 0x38, 0x23, 
  0xe6, 0xd4, 0xfe, 0xcc, 0x19, 0x25, 0x13, 0x35, 0xf5, 0x2d, 0xd5, 0xfc, 
  0x36, 0x0a, 0xf0, 0x02, 0xdf, 0xfb, 0x2c, 0xfe, 0x16, 0x02, 0xeb, 0xf2, 
  0xf6, 0x3f, 0x16, 0x19, 0xff, 0x24, 0x06, 0x40, 0xe7, 0x05, 0x08, 0x00, 
  0xcd, 0x14, 0xf5, 0x38, 0x48, 0xf0, 0x11, 0x1a, 0xfc, 0x47, 0xee, 0x38, 
  0x12, 0xed, 0xd0, 0x02, 0x1c, 0x2a, 0xfc, 0xe9, 0xe7, 0x07, 0xfb, 0x48, 
  0xe3, 0x16, 0x07, 0x28, 0xcb, 0xff, 0x0e, 0xcf, 0x06, 0x1e, 0xf3, 0xe8, 
  0x38, 0x00, 0x1d, 0xf2, 0x34, 0x3f, 0x4d, 0x28, 0xf5, 0xbd, 0xb6, 0xf6, 
  0xf2, 0x3c, 0xf9, 0xfd, 0x0f, 0x28, 0x37, 0xe1, 0x11, 0x14, 0xe7, 0x1b, 
  0xd5, 0xe4, 0xec, 0xd7, 0x46, 0x29, 0x59, 0x0e, 0x34, 0x1f, 0xaa, 0xf8, 
  0x23, 0xf1, 0x40, 0x36, 0xd1, 0xbf, 0xcf, 0x21, 0x0a, 0x23, 0xca, 0xf2, 
  0x38, 0x17, 0x05, 0x27, 0x06, 0xe8, 0x4e, 0x15, 0xd9, 0x29, 0x06, 0xe2, 
  0x2b, 0xf8, 0x29, 0xbf, 0x35, 0x1f, 0xd7, 0x30, 0x25, 0xe9, 0x47, 0x13, 
  0xa0, 0xa1, 0x03, 0x07, 0x16, 0x29, 0x02, 0xd5, 0xea, 0x04, 0xe1, 0x26, 
  0xc9, 0xd5, 0xf8, 0xc2, 0x04, 0xdd, 0x19, 0xec, 0x4e, 0x14, 0x30, 0xee, 
  0x45, 0x1d, 0xd8, 0x27, 0xcc, 0x19, 0xfc, 0x00, 0x05, 0xf7, 0x24, 0x0a, 
  0xdb, 0x1d, 0x15, 0xf8, 0x34, 0x15, 0x62, 0x65, 0x11, 0x38, 0x5c, 0x14, 
  0xeb, 0x1c, 0x0c, 0xfe, 0x40, 0xc2, 0x3e, 0xdb, 0x12, 0x32, 0xd1, 0x99, 
  0xea, 0xcb, 0xe2, 0x17, 0xe9, 0x04, 0x28, 0xeb, 0xf8, 0x2f, 0xf8, 0x0e, 
  0x42, 0x3a, 0x1f, 0x4c, 0x07, 0x37, 0x54, 0xe5, 0x03, 0xed, 0xe8, 0xdd, 
  0x28, 0xf2, 0x17, 0xad, 0x1f, 0x46, 0x82, 0xaa, 0xeb, 0xf8, 0x25, 0x12, 
  0xd9, 0xea, 0xe0, 0x1f, 0xe8, 0xbf, 0x0a, 0xc0, 0xea, 0x1b, 0x5c, 0x32, 
  0x1e, 0x01, 0x3b, 0xc4, 0xf5, 0xcb, 0xd6, 0x1c, 0x40, 0x31, 0x4a, 0xae, 
  0x02, 0x31, 0xb9, 0xc1, 0xf6, 0x37, 0x2b, 0x11, 0xb4, 0x6f, 0xcc, 0x4f, 
  0xe7, 0x0a, 0xf6, 0xad, 0xf4, 0x47, 0xf3, 0x39, 0xf4, 0x4d, 0x7e, 0x33, 
  0xc0, 0x5e, 0xca, 0xc8, 0x08, 0xd5, 0x11, 0xfc, 0x3c, 0x07, 0xed, 0x33, 
  0x35, 0x12, 0xde, 0xea, 0x10, 0x3e, 0xd4, 0x12, 0x0f, 0xf9, 0x32, 0xbe, 
  0x39, 0x29, 0x06, 0x40, 0xe5, 0x46, 0x21, 0x14, 0xc8, 0x07, 0xbe, 0xcc, 
  0x2e, 0x01, 0x13, 0xf1, 0x59, 0x15, 0xcb, 0xf8, 0x42, 0xff, 0xee, 0xee, 
  0xfd, 0x13, 0xe7, 0xf5, 0x01, 0xf7, 0x24, 0x81, 0xe0, 0x58, 0x32, 0x26, 
  0xd0, 0xf5, 0x3a, 0xda, 0xe2, 0x2f, 0xf1, 0x0a, 0x1d, 0x3b, 0x25, 0xbf, 
  0x37, 0x37, 0xee, 0xf2, 0x05, 0xe7, 0xe8, 0xba, 0xfb, 0x2b, 0x03, 0xd0, 
  0xd5, 0x97, 0x00, 0xda, 0xe0, 0xf1, 0xe9, 0xce, 0xcb, 0xf6, 0x2b, 0xb9, 
  0x1c, 0xe7, 0xbe, 0x15, 0xad, 0xf8, 0xf6, 0xef, 0x0a, 0xc1, 0xfc, 0xd1, 
  0xf2, 0xe3, 0xeb, 0xeb, 0x00, 0x0a, 0x1b, 0xbf, 0x04, 0xde, 0xd5, 0x11, 
  0xd9, 0x0c, 0xf9, 0xc3, 0xbd, 0x1c, 0x0a, 0xca, 0x11, 0xea, 0xda, 0xfc, 
  0x81, 0xf2, 0xc0, 0x1d, 0xd1, 0xa5, 0x13, 0xe1, 0xdb, 0xeb, 0xdb, 0xe7, 
  0x1e, 0x2e, 0x0a, 0xe8, 0x36, 0xd2, 0x32, 0xf9, 0xf5, 0x0a, 0xeb, 0xca, 
  0xf8, 0x02, 0x14, 0xfc, 0x23, 0x03, 0x02, 0xf9, 0xbc, 0x18, 0x02, 0x12, 
  0xf8, 0xd0, 0x29, 0x12, 0x1a, 0xf3, 0xe1, 0x0d, 0xf3, 0x09, 0xf7, 0xd2, 
  0xe6, 0xf3, 0xe2, 0x1b, 0x2f, 0x00, 0xe6, 0xcd, 0x24, 0x20, 0x24, 0x24, 
  0xed, 0x09, 0xf4, 0xfd, 0xfd, 0xe8, 0x0c, 0x16, 0xee, 0xe7, 0x16, 0x01, 
  0x2d, 0x27, 0xeb, 0xe0, 0x00, 0x06, 0x14, 0xbd, 0x04, 0x15, 0xdc, 0x1a, 
  0x13, 0xfe, 0xdb, 0xe1, 0xee, 0x1c, 0x14, 0xfe, 0x07, 0x27, 0xd8, 0x13, 
  0xe6, 0xd8, 0x0f, 0x0b, 0xf3, 0xf5, 0x2b, 0x28, 0x39, 0x4f, 0x17, 0x0e, 
  0x38, 0x19, 0x01, 0xd3, 0x18, 0xfd, 0x10, 0x1d, 0x17, 0x0e, 0xc1, 0xe8, 
  0xf3, 0x26, 0xf9, 0x17, 0x2b, 0x23, 0xfb, 0x00, 0xf0, 0xfc, 0x16, 0x1e, 
  0x0d, 0x21, 0x23, 0x3e, 0x1a, 0xda, 0xce, 0xe6, 0x28, 0xec, 0xf3, 0x09, 
  0xf9, 0xe1, 0xf7, 0xe7, 0xe8, 0xe4, 0x20, 0xf6, 0x0e, 0x11, 0x23, 0x04, 
  0xe9, 0xf1, 0xe7, 0xfe, 0xfe, 0xd9, 0xee, 0xf6, 0xc7, 0xed, 0x06, 0xd1, 
  0x00, 0xd5, 0xec, 0x0a, 0xf9, 0xe0, 0x0c, 0xd9, 0x25, 0xdb, 0x0a, 0xeb, 
  0xea, 0x18, 0xf6, 0xf0, 0xe1, 0xfa, 0xec, 0x15, 0x0b, 0xd9, 0x0c, 0xee, 
  0xf4, 0xfb, 0xfb, 0xe1, 0xf3, 0xe7, 0x12, 0xda, 0xe8, 0x0f, 0xf4, 0xfe, 
  0x25, 0xe8, 0xe6, 0x08, 0x37, 0x0a, 0xf9, 0xdf, 0x01, 0x2b, 0xff, 0xd6, 
  0xf8, 0x14, 0xd2, 0x1b, 0x18, 0xf1, 0x24, 0xe7, 0xf3, 0xfa, 0xeb, 0x0f, 
  0xe3, 0xeb, 0x23, 0xd7, 0x31, 0xcc, 0xca, 0x5a, 0x2f, 0x18, 0x4b, 0xd6, 
  0xc8, 0xe1, 0xc9, 0xab, 0xd1, 0xb7, 0xc5, 0xd2, 0xdb, 0xc5, 0xc2, 0xea, 
  0x07, 0xcf, 0xd6, 0xc5, 0xb4, 0xde, 0xd6, 0x1c, 0x33, 0x92, 0x5b, 0xc7, 
  0x00, 0x0c, 0xe5, 0xdf, 0x0b, 0xda, 0x49, 0xc2, 0xdf, 0x28, 0x1c, 0x0a, 
  0xdf, 0xee, 0xfc, 0xd7, 0xe3, 0xab, 0xbc, 0x28, 0xd4, 0xc2, 0xb9, 0x2e, 
  0xc2, 0x12, 0x0c, 0x32, 0xe0, 0xff, 0x0f, 0x31, 0xde, 0xf7, 0x32, 0x0c, 
  0x09, 0x2d, 0xef, 0xc7, 0x2b, 0x09, 0x36, 0xc0, 0x12, 0x1d, 0xd6, 0x59, 
  0x3a, 0xf2, 0x97, 0x4b, 0x33, 0xfa, 0x24, 0x39, 0xf2, 0x3e, 0x1f, 0x27, 
  0xeb, 0xc0, 0x50, 0x52, 0x0a, 0x2b, 0x1f, 0xf4, 0xe2, 0x1b, 0xbd, 0x01, 
  0xee, 0xe9, 0x48, 0x3e, 0xe0, 0x21, 0xb4, 0xf8, 0x2f, 0x26, 0x06, 0x14, 
  0x16, 0x0a, 0xd0, 0x39, 0xa0, 0x40, 0x35, 0x57, 0x25, 0xe4, 0x55, 0x0b, 
  0xfa, 0xe1, 0xe0, 0xfe, 0xec, 0xf0, 0xd8, 0x27, 0x2e, 0x09, 0xfe, 0x55, 
  0xad, 0x05, 0xac, 0x16, 0x2e, 0x0d, 0xba, 0x03, 0x19, 0x2c, 0x4a, 0x47, 
  0x01, 0x0e, 0xdd, 0x78, 0x1b, 0xcc, 0x3d, 0xdd, 0x37, 0x6f, 0xf8, 0xd9, 
  0x57, 0xf3, 0x38, 0x03, 0x09, 0xd2, 0xf8, 0x32, 0xef, 0xea, 0xdc, 0xdd, 
  0x31, 0xf4, 0xf4, 0x19, 0xfc, 0x42, 0x3f, 0xe8, 0x13, 0x4e, 0xe4, 0x51, 
  0xfe, 0x21, 0x70, 0x63, 0x32, 0x06, 0x05, 0x0b, 0x72, 0x83, 0xde, 0xeb, 
  0xc0, 0xa5, 0x1d, 0xee, 0xb8, 0xc1, 0x9e, 0xc8, 0xfb, 0xdd, 0xf8, 0x0e, 
  0x30, 0x81, 0xd8, 0x18, 0x94, 0x36, 0x0f, 0x58, 0x15, 0xe2, 0x56, 0xdd, 
  0x04, 0x19, 0xc3, 0x2a, 0xeb, 0x07, 0x36, 0x20, 0x33, 0xb9, 0xf5, 0xf8, 
  0x84, 0xf9, 0xdd, 0xc9, 0xee, 0xd0, 0xb6, 0x0a, 0x3f, 0xb9, 0xbe, 0x09, 
  0xd3, 0x1b, 0x8e, 0xfd, 0x32, 0x89, 0x0d, 0xe3, 0x0a, 0xf9, 0x1b, 0xd2, 
  0xe2, 0x0f, 0xec, 0xfc, 0xf5, 0x25, 0xd9, 0xf6, 0xda, 0xa3, 0xb5, 0xef, 
  0xc9, 0x15, 0xa7, 0xf4, 0x11, 0xee, 0x2c, 0x2b, 0xc5, 0xe6, 0xf0, 0x7b, 
  0xac, 0xd2, 0x29, 0x1d, 0x04, 0xcc, 0x3a, 0x13, 0xd1, 0xcc, 0xf2, 0x12, 
  0xbb, 0xd8, 0xd5, 0x53, 0xe1, 0xda, 0x37, 0x21, 0xf4, 0x1f, 0xe2, 0xd3, 
  0xc6, 0x34, 0xfc, 0xd2, 0x4f, 0x15, 0x17, 0xfa, 0xe0, 0x28, 0xbf, 0xfd, 
  0xf2, 0xec, 0x37, 0x03, 0xef, 0x88, 0x42, 0xf6, 0xe0, 0xde, 0x10, 0x23, 
  0x09, 0xef, 0x10, 0xe4, 0xea, 0xf7, 0x3c, 0xb7, 0xe0, 0x05, 0xcc, 0x04, 
  0x2f, 0x23, 0x08, 0x15, 0xed, 0x60, 0xd6, 0x0a, 0xdf, 0xdf, 0xdf, 0x29, 
  0x10, 0x81, 0x09, 0xf5, 0xf5, 0xf8, 0xca, 0xec, 0xdc, 0x1c, 0xd9, 0x10, 
  0xe2, 0xd0, 0x02, 0xfb, 0xe2, 0xed, 0x0a, 0x17, 0x45, 0x03, 0x1b, 0xf3, 
  0x01, 0x1b, 0x09, 0xe2, 0x1a, 0xb6, 0xe0, 0x14, 0xe7, 0xc3, 0xcd, 0xec, 
  0xc9, 0x22, 0x07, 0xe2, 0x41, 0x0c, 0xf9, 0xea, 0xf2, 0x0b, 0x12, 0xc4, 
  0xfd, 0xe0, 0x05, 0xe6, 0x19, 0xdc, 0x06, 0xbf, 0xde, 0x1d, 0xa5, 0xd1, 
  0xe3, 0xdb, 0xef, 0x2f, 0xc5, 0xc6, 0x08, 0x0f, 0xc3, 0xd1, 0xf8, 0xf8, 
  0x33, 0x0a, 0x08, 0x02, 0xf9, 0xf1, 0x37, 0x10, 0xec, 0xfe, 0xfe, 0x09, 
  0x34, 0x2b, 0x48, 0xb9, 0xd6, 0x30, 0xd9, 0xfc, 0xc2, 0xd5, 0xf3, 0x0d, 
  0xf3, 0xb9, 0xc0, 0xd8, 0x11, 0xf3, 0xbe, 0x16, 0xf8, 0x14, 0x3d, 0xd4, 
  0xeb, 0xf9, 0xfa, 0xde, 0x17, 0xff, 0xec, 0xfb, 0x06, 0x1e, 0x40, 0xfc, 
  0x29, 0x47, 0xaf, 0xdc, 0x05, 0x49, 0x1e, 0xec, 0xe7, 0x22, 0x16, 0x2f, 
  0xe8, 0x02, 0x28, 0xf1, 0x11, 0x35, 0xfd, 0xff, 0x07, 0x1a, 0x38, 0x38, 
  0x07, 0x25, 0x0e, 0xd8, 0x19, 0x0a, 0xdf, 0xce, 0x45, 0xf2, 0xd1, 0xd7, 
  0x38, 0x57, 0xf0, 0xf1, 0x07, 0x20, 0xee, 0x4b, 0xed, 0x03, 0xf5, 0xf8, 
  0x16, 0x30, 0x13, 0xe4, 0x02, 0x10, 0x4b, 0xf2, 0xb0, 0x19, 0xde, 0xdf, 
  0x3b, 0x04, 0xe4, 0xc1, 0x3b, 0x2a, 0xb1, 0x27, 0x17, 0x09, 0x09, 0x0a, 
  0xdc, 0xe4, 0xe4, 0x0c, 0xcd, 0x36, 0x03, 0xff, 0xf4, 0xfc, 0xe3, 0x21, 
  0xd3, 0x1c, 0x57, 0x0a, 0xd6, 0x5d, 0x08, 0xbd, 0x36, 0x36, 0xf8, 0xf4, 
  0x0e, 0x15, 0xb2, 0x07, 0xeb, 0x06, 0x03, 0x24, 0xd0, 0x21, 0x21, 0xcb, 
  0x01, 0x0d, 0xee, 0x16, 0x17, 0x07, 0xfd, 0x0a, 0xfe, 0xc7, 0xf0, 0x0c, 
  0x2b, 0x01, 0xc6, 0x14, 0xd3, 0xc4, 0xfc, 0x32, 0x1f, 0x0f, 0x3f, 0x07, 
  0xd1, 0x28, 0x20, 0xc7, 0xed, 0xcc, 0x26, 0xc0, 0xcd, 0xd7, 0x10, 0x24, 
  0x02, 0xf9, 0x1e, 0x20, 0xda, 0x11, 0x94, 0x1e, 0x38, 0x12, 0xd5, 0x23, 
  0xac, 0x08, 0x06, 0x53, 0x1d, 0xda, 0x61, 0xd7, 0xc6, 0x2b, 0xd9, 0xd2, 
  0x2b, 0xf1, 0x30, 0x0f, 0xef, 0xbf, 0x16, 0x34, 0xa5, 0xfc, 0x2f, 0x07, 
  0xe1, 0x2a, 0xa7, 0xc2, 0x38, 0x0e, 0x00, 0xf2, 0xdf, 0x1c, 0x12, 0x2d, 
  0xe0, 0xdc, 0x6e, 0x31, 0x15, 0xee, 0x01, 0xcc, 0x2d, 0xfd, 0x0f, 0xce, 
  0xfe, 0xe5, 0xe4, 0x10, 0xe4, 0xfc, 0xb4, 0xdf, 0xb4, 0x51, 0x08, 0x2c, 
  0x42, 0xdb, 0xf7, 0x33, 0xd6, 0x0b, 0xcd, 0xec, 0x06, 0x91, 0x44, 0x15, 
  0xea, 0xed, 0xfe, 0xaf, 0x04, 0x10, 0xe9, 0xd0, 0xde, 0x31, 0x38, 0xe1, 
  0xf9, 0xe8, 0xdc, 0x81, 0xcd, 0x54, 0x09, 0x19, 0x45, 0xfb, 0x01, 0xe8, 
  0xef, 0x22, 0x9f, 0x0e, 0x30, 0xb3, 0x33, 0x36, 0xdb, 0xff, 0xcd, 0x9e, 
  0xe8, 0xe8, 0x27, 0x23, 0x3d, 0x35, 0x1a, 0x23, 0xb9, 0x0e, 0xfc, 0xa2, 
  0xd9, 0x56, 0x17, 0x22, 0x0e, 0xf6, 0x01, 0x0f, 0xe5, 0x37, 0x0a, 0x4c, 
  0x03, 0xb2, 0x42, 0x35, 0xe6, 0xf6, 0xb8, 0xf8, 0x33, 0xfa, 0x19, 0xe4, 
  0x18, 0xd8, 0xb5, 0xc8, 0xbc, 0x92, 0xbe, 0xbb, 0xb0, 0x0e, 0xc6, 0x9d, 
  0x1b, 0xcf, 0x18, 0x4b, 0xec, 0xd9, 0x0c, 0x13, 0x10, 0x97, 0x43, 0xe1, 
  0x16, 0x0c, 0xf2, 0xfc, 0x10, 0x09, 0xde, 0xf2, 0x29, 0xe0, 0xbf, 0x03, 
  0xd2, 0xb5, 0x0c, 0xa2, 0xfa, 0x0a, 0xe1, 0xba, 0x27, 0x17, 0x15, 0x1f, 
  0xee, 0xcd, 0xe3, 0x37, 0xfa, 0xd1, 0x12, 0xfa, 0x0d, 0xd7, 0xcd, 0x2e, 
  0xfb, 0xd1, 0x22, 0xe8, 0x1e, 0xab, 0xbf, 0x09, 0x04, 0x0b, 0xe8, 0xbc, 
  0x39, 0x27, 0xf0, 0xd9, 0x4f, 0xdc, 0x1d, 0x30, 0xf9, 0x04, 0x41, 0xdb, 
  0xb7, 0x1d, 0x53, 0x05, 0xda, 0xe9, 0x19, 0xe5, 0x17, 0xe6, 0x16, 0x1b, 
  0x1d, 0xec, 0x25, 0xdb, 0xc9, 0x17, 0xed, 0x23, 0x15, 0xbf, 0xc4, 0xea, 
  0xbe, 0xb0, 0xaa, 0x17, 0xc5, 0xc3, 0xef, 0xe5, 0x2e, 0xe1, 0xe3, 0xbf, 
  0x3a, 0xe5, 0xfd, 0x34, 0x0c, 0xdf, 0xe8, 0x34, 0xdb, 0x4b, 0x11, 0x0b, 
  0xa8, 0xbf, 0x23, 0x24, 0x28, 0xbe, 0xaf, 0x0d, 0x81, 0xb4, 0xd1, 0x14, 
  0xbf, 0xed, 0xb5, 0x37, 0x37, 0xc7, 0xd6, 0xcb, 0x31, 0x07, 0x1d, 0xf1, 
  0x4b, 0xfa, 0x27, 0x3a, 0x31, 0xec, 0xf6, 0xea, 0xf7, 0xd3, 0x00, 0x38, 
  0x2c, 0x19, 0xb8, 0x0e, 0xe7, 0xfc, 0x0b, 0xb7, 0xeb, 0x0b, 0xfb, 0xf0, 
  0xff, 0xe5, 0x46, 0x02, 0xea, 0x29, 0xfa, 0x37, 0xe6, 0xb5, 0xfc, 0x1f, 
  0x0e, 0xee, 0x30, 0xde, 0xf2, 0xe5, 0x15, 0x25, 0x35, 0x2f, 0x2b, 0x3e, 
  0xae, 0x1c, 0x24, 0x17, 0xdb, 0x53, 0x06, 0xf3, 0x03, 0x0c, 0x4a, 0xe0, 
  0xeb, 0x47, 0x41, 0xd7, 0x31, 0xb0, 0x25, 0x26, 0x2c, 0x53, 0x3e, 0x39, 
  0xf1, 0xf4, 0xce, 0x2b, 0xee, 0x3d, 0xd2, 0xef, 0x86, 0x12, 0xea, 0xb6, 
  0x0c, 0x51, 0xc2, 0x41, 0x0a, 0xe4, 0x2b, 0x22, 0x2b, 0x3d, 0x12, 0x40, 
  0x08, 0xbd, 0x12, 0x53, 0x0c, 0x27, 0x05, 0xf2, 0x32, 0xe0, 0xbf, 0xea, 
  0x27, 0x0e, 0x02, 0x6a, 0x99, 0x22, 0x12, 0xf6, 0xe7, 0x17, 0x0e, 0x55, 
  0x3e, 0x28, 0x1f, 0xe2, 0x15, 0xe0, 0xe4, 0x14, 0xe3, 0xaf, 0x1e, 0x1f, 
  0x20, 0x18, 0x0e, 0x07, 0x07, 0xed, 0xcc, 0xe7, 0x24, 0xc4, 0xd6, 0xde, 
  0xc6, 0xfd, 0xe1, 0x02, 0xc8, 0x03, 0xf0, 0x12, 0x38, 0xdd, 0x35, 0xf4, 
  0x42, 0xf3, 0x1b, 0xf6, 0xe2, 0xbd, 0x02, 0x0b, 0x1b, 0xe0, 0x20, 0x09, 
  0xae, 0x06, 0xdd, 0xc2, 0x3e, 0xe3, 0xba, 0x40, 0xbb, 0x10, 0x15, 0x0d, 
  0xd5, 0x06, 0xd9, 0x1b, 0xd4, 0xd0, 0xd9, 0xcf, 0x36, 0x0c, 0x38, 0x01, 
  0x2e, 0xc2, 0xde, 0x38, 0x20, 0x22, 0x08, 0x31, 0xd8, 0xf6, 0xba, 0x04, 
  0x14, 0xe1, 0x13, 0xef, 0xb3, 0xcd, 0xc9, 0x30, 0x01, 0x35, 0x07, 0x0d, 
  0x3a, 0xe3, 0x1c, 0x12, 0x02, 0x03, 0xd5, 0xe4, 0x25, 0x15, 0x1c, 0x26, 
  0xdf, 0x3d, 0x39, 0xa4, 0xc9, 0xd3, 0x13, 0x19, 0xeb, 0xe0, 0xff, 0x19, 
  0xe6, 0xf3, 0xf2, 0x0d, 0xdc, 0x20, 0x00, 0xe7, 0x31, 0xf6, 0x09, 0xc3, 
  0xcc, 0x0d, 0x2d, 0x2f, 0x27, 0xd1, 0xf8, 0xf0, 0xef, 0x0b, 0x0d, 0xef, 
  0x19, 0xe5, 0x04, 0x40, 0x0f, 0xa7, 0xb9, 0x0c, 0xa3, 0xc2, 0x24, 0x94, 
  0xdf, 0xfc, 0x0b, 0x23, 0x2e, 0xba, 0xc3, 0xdd, 0x28, 0xda, 0x1d, 0x33, 
  0x42, 0x0c, 0xe1, 0xe1, 0x17, 0xec, 0x12, 0xcf, 0xd4, 0xbe, 0x08, 0x4f, 
  0x33, 0xbc, 0xdb, 0xf7, 0x81, 0xe6, 0xd7, 0xf3, 0xf0, 0x27, 0xca, 0x42, 
  0x36, 0xef, 0xd2, 0x3e, 0xfb, 0xed, 0xe2, 0x19, 0x36, 0xd4, 0x1c, 0x0b, 
  0xf4, 0x54, 0x1b, 0xfe, 0x1f, 0x25, 0xff, 0xea, 0x1e, 0xdd, 0x0b, 0x02, 
  0xa6, 0x15, 0xd8, 0x05, 0x1e, 0x1f, 0x17, 0xfb, 0x12, 0xe2, 0x23, 0xe2, 
  0x3c, 0x29, 0x2b, 0xe5, 0x1b, 0xd9, 0xeb, 0x11, 0x47, 0xfb, 0x22, 0xf7, 
  0xd8, 0x0c, 0x03, 0xfc, 0x46, 0x01, 0xcd, 0x62, 0x84, 0x38, 0xe1, 0xea, 
  0xd5, 0x2b, 0x01, 0x00, 0x4c, 0x18, 0x07, 0x32, 0x06, 0x6a, 0x38, 0x26, 
  0x0a, 0xf4, 0x3e, 0x44, 0x16, 0x03, 0x42, 0xf8, 0x36, 0x19, 0xef, 0x0a, 
  0x01, 0xf1, 0x09, 0xff, 0xf0, 0x01, 0x2f, 0xe5, 0xf5, 0x1e, 0xde, 0x0b, 
  0x32, 0x27, 0x27, 0x30, 0xd3, 0x2d, 0x06, 0x1a, 0x1e, 0x89, 0xd7, 0x06, 
  0xde, 0xd0, 0x2a, 0xee, 0xdb, 0xca, 0xde, 0x01, 0x0f, 0xdc, 0xeb, 0xdf, 
  0x97, 0xe1, 0x13, 0x13, 0x04, 0x2d, 0x1c, 0x12, 0x2f, 0xef, 0x2b, 0x3f, 
  0x20, 0x42, 0x1e, 0x02, 0x0b, 0xf5, 0xf7, 0xd0, 0xf3, 0x32, 0x31, 0x13, 
  0xc0, 0xe5, 0x96, 0xf5, 0x1f, 0xcd, 0xe7, 0x43, 0xbd, 0xcc, 0xd5, 0xee, 
  0xe9, 0x45, 0xe9, 0xf5, 0x1a, 0xcd, 0xfb, 0x1d, 0xf6, 0xe3, 0x0f, 0xef, 
  0x22, 0xc0, 0x17, 0x30, 0x24, 0x31, 0xfd, 0x46, 0xe0, 0x05, 0xd5, 0xf2, 
  0xe7, 0xd8, 0x1e, 0x14, 0xb4, 0xe7, 0x05, 0xd6, 0xbf, 0xf7, 0xd4, 0x43, 
  0x29, 0xf5, 0x44, 0x2e, 0x01, 0xea, 0xea, 0xdf, 0x23, 0xfe, 0xda, 0xb5, 
  0x16, 0xa3, 0xba, 0x0a, 0x39, 0xd5, 0xe0, 0x00, 0xda, 0x44, 0x5d, 0xce, 
  0x04, 0xbe, 0x0e, 0x45, 0xaf, 0xdd, 0xf6, 0xbf, 0x03, 0xb4, 0x57, 0x09, 
  0xc3, 0xfc, 0xdb, 0xae, 0xe3, 0x15, 0x16, 0xcb, 0xfb, 0xf9, 0xc3, 0x3a, 
  0x11, 0xc6, 0xd5, 0xd3, 0xa8, 0x38, 0x10, 0xcd, 0x3c, 0xeb, 0xeb, 0x1b, 
  0x91, 0xff, 0xec, 0xf2, 0xd3, 0xed, 0x60, 0xc4, 0xf2, 0x29, 0xd9, 0xa6, 
  0x28, 0x6e, 0xd1, 0xe0, 0x1a, 0x9b, 0xa1, 0x3f, 0x2d, 0x06, 0x07, 0x15, 
  0xe6, 0x47, 0x36, 0xfa, 0xf0, 0xdd, 0xe1, 0xea, 0xf8, 0x83, 0xea, 0xe9, 
  0xcd, 0xd7, 0xd8, 0x18, 0xe7, 0xdd, 0xe5, 0xda, 0x22, 0xdc, 0xd3, 0xdc, 
  0xc8, 0xdc, 0xcc, 0x44, 0xf3, 0x04, 0xd1, 0xfc, 0xe0, 0x00, 0x61, 0xfc, 
  0xdb, 0x04, 0xf7, 0x3a, 0xf7, 0xee, 0x3d, 0xfb, 0xe5, 0xd5, 0x24, 0x34, 
  0x03, 0x09, 0xe1, 0x1c, 0xef, 0xd5, 0xd4, 0x03, 0x2b, 0xeb, 0x81, 0xf8, 
  0x24, 0x06, 0xe7, 0xdb, 0xce, 0x2e, 0x44, 0xd9, 0xe9, 0x1b, 0xec, 0x38, 
  0xed, 0x18, 0x19, 0x05, 0xc9, 0xef, 0x50, 0x4c, 0xe3, 0xda, 0xfc, 0xf2, 
  0x23, 0xe9, 0xc5, 0xd3, 0xe0, 0x19, 0x92, 0x11, 0x3c, 0x2f, 0xeb, 0xfc, 
  0xe1, 0x19, 0xf1, 0xbe, 0x0b, 0x18, 0x0a, 0x36, 0x06, 0xc4, 0x1d, 0xe3, 
  0xdd, 0x01, 0x74, 0x00, 0xeb, 0xf2, 0x16, 0xcd, 0x1a, 0xe1, 0xfa, 0x20, 
  0x21, 0xe1, 0x17, 0xc3, 0xf5, 0x11, 0xdb, 0xf8, 0x0e, 0xcb, 0xa8, 0x07, 
  0xc9, 0xfb, 0xef, 0xf7, 0x01, 0x06, 0xd6, 0x0c, 0x26, 0xe6, 0xf9, 0xb2, 
  0xd7, 0x18, 0x18, 0xea, 0x0e, 0xee, 0x20, 0x2d, 0xef, 0xe6, 0xed, 0x1d, 
  0x12, 0x36, 0x28, 0x07, 0x18, 0xf9, 0xdb, 0xf5, 0x0b, 0xfb, 0x31, 0x1b, 
  0x23, 0x16, 0xda, 0x00, 0xe2, 0xed, 0x45, 0xc4, 0xe4, 0xeb, 0xd0, 0xb7, 
  0x02, 0xe0, 0xf8, 0x28, 0x2f, 0x33, 0x15, 0xee, 0x1f, 0x28, 0x38, 0xdd, 
  0xec, 0x35, 0xd3, 0x43, 0x35, 0xbe, 0x1f, 0xf8, 0xf6, 0x25, 0xf9, 0x04, 
  0xcc, 0xcf, 0x21, 0xc6, 0x05, 0xed, 0x0f, 0xfb, 0xda, 0x92, 0x0c, 0xde, 
  0x06, 0x2e, 0xe9, 0x40, 0x3f, 0x06, 0xe6, 0xfc, 0xfb, 0xf1, 0xcb, 0x1f, 
  0xdd, 0x3c, 0xde, 0xf8, 0x1b, 0x04, 0x12, 0xd5, 0xd6, 0x41, 0xbf, 0x17, 
  0x2d, 0x0c, 0x45, 0x33, 0xc7, 0x81, 0xd7, 0x1d, 0xdf, 0x1e, 0xf5, 0x36, 
  0x01, 0x12, 0xea, 0x1a, 0xf6, 0xef, 0xe2, 0x19, 0xef, 0x1f, 0xef, 0xc1, 
  0x0e, 0x29, 0x02, 0xe3, 0xfc, 0xf6, 0xde, 0x38, 0x2a, 0x02, 0x1f, 0x0b, 
  0xcf, 0x8b, 0xfa, 0xe7, 0x06, 0xf7, 0xc6, 0x28, 0xdf, 0xf0, 0xcb, 0x17, 
  0xe0, 0xfe, 0x9a, 0x1e, 0xe0, 0x27, 0x05, 0xdf, 0x03, 0x2d, 0x27, 0x1b, 
  0xec, 0x13, 0xec, 0x2f, 0xd1, 0xe9, 0x28, 0x31, 0x1b, 0xab, 0x14, 0xfd, 
  0xc7, 0x0e, 0xbf, 0x09, 0x2b, 0xdd, 0xfe, 0x1e, 0x05, 0x00, 0x1a, 0xfd, 
  0xdd, 0xff, 0xe6, 0x05, 0x17, 0xd3, 0x3a, 0xc6, 0xeb, 0x10, 0xda, 0xdb, 
  0xf9, 0xe4, 0xf9, 0x09, 0x04, 0xcd, 0xf0, 0xcd, 0xd9, 0x11, 0xf0, 0x0b, 
  0x07, 0x07, 0x2b, 0x12, 0x10, 0x15, 0xfe, 0xce, 0xfa, 0xe6, 0xf2, 0xf2, 
  0x06, 0xdb, 0x2d, 0xd5, 0xf5, 0x38, 0xe8, 0xef, 0xf6, 0xfc, 0x1a, 0x35, 
  0xcf, 0x97, 0xe9, 0xfb, 0xd7, 0xe0, 0xef, 0x00, 0x0a, 0x10, 0xfb, 0x0c, 
  0xef, 0xfd, 0x0c, 0x0b, 0xd7, 0xc2, 0xc6, 0xf9, 0xf9, 0x06, 0x26, 0xd1, 
  0xd9, 0x0b, 0xe3, 0xff, 0x0c, 0x0d, 0x1e, 0x27, 0xec, 0x2d, 0x00, 0x16, 
  0x10, 0xfb, 0xdd, 0x03, 0x2c, 0x3a, 0x29, 0x20, 0xf9, 0xf7, 0x24, 0xe1, 
  0x02, 0x4c, 0x03, 0xe0, 0x11, 0xf1, 0x24, 0xc5, 0x39, 0x0b, 0xe0, 0x20, 
  0x1b, 0x2b, 0x15, 0xf3, 0xcf, 0x01, 0x05, 0xf0, 0x18, 0x12, 0x00, 0xd6, 
  0x1c, 0x29, 0x16, 0x11, 0xfe, 0x02, 0x0c, 0xe4, 0xe4, 0x32, 0x06, 0xc6, 
  0x1a, 0xff, 0x29, 0xdc, 0x10, 0xea, 0xe6, 0x24, 0x06, 0x0b, 0x10, 0x0f, 
  0xd0, 0xea, 0x14, 0xfc, 0x02, 0x13, 0xd4, 0xd5, 0xe2, 0x17, 0x1e, 0xf5, 
  0xed, 0x07, 0x11, 0x07, 0x01, 0x35, 0x00, 0xf2, 0xf2, 0x31, 0x22, 0xe1, 
  0x11, 0x2b, 0xf0, 0xf9, 0xc9, 0xd3, 0xf5, 0x2e, 0xe8, 0xb9, 0xde, 0xf1, 
  0xf2, 0xd0, 0xb5, 0x2e, 0x2a, 0xd7, 0x0f, 0x1a, 0x16, 0x1e, 0xbf, 0xbc, 
  0xd9, 0x09, 0xdd, 0xd0, 0x14, 0x2f, 0x00, 0xc2, 0xb8, 0x25, 0xd4, 0xf2, 
  0xdf, 0xd7, 0x07, 0x18, 0xfe, 0xad, 0x12, 0x0f, 0xce, 0x1d, 0xc2, 0x54, 
  0x3a, 0xed, 0xdb, 0x24, 0xf7, 0x1a, 0xdd, 0xff, 0xec, 0xef, 0xd6, 0xff, 
  0x06, 0x17, 0x18, 0xda, 0xee, 0x07, 0xdd, 0xf6, 0xce, 0xe8, 0xdf, 0xfe, 
  0xe9, 0x9a, 0xfa, 0xf0, 0xda, 0x10, 0xf4, 0x21, 0x09, 0xef, 0xb7, 0x23, 
  0xee, 0xbc, 0xd0, 0xd0, 0xba, 0xed, 0xc9, 0xf4, 0x21, 0x0f, 0x13, 0x16, 
  0xca, 0x40, 0xef, 0xf8, 0xb9, 0xbf, 0x23, 0x15, 0xf7, 0xaf, 0xd3, 0xf6, 
  0xdf, 0xdf, 0x8b, 0x27, 0xf7, 0xfb, 0xf7, 0x0d, 0xf6, 0x10, 0x02, 0xd0, 
  0xef, 0xde, 0x04, 0x12, 0x08, 0x10, 0x21, 0xb8, 0xd6, 0x29, 0xd8, 0xe1, 
  0xd8, 0xb4, 0x1b, 0x11, 0xe9, 0xa5, 0xbb, 0xd7, 0xf0, 0xeb, 0xc0, 0x47, 
  0xed, 0xee, 0x23, 0x03, 0xea, 0x13, 0x20, 0xa9, 0xd6, 0x0c, 0x0c, 0x0c, 
  0xfd, 0xda, 0x16, 0xe6, 0xfd, 0x2f, 0xed, 0x16, 0xd1, 0xb2, 0x01, 0x01, 
  0xde, 0x81, 0xfb, 0xe0, 0xeb, 0xc8, 0xad, 0x36, 0xdc, 0xe6, 0x0c, 0x0d, 
  0xe0, 0xf1, 0x21, 0xbc, 0xf2, 0xe7, 0xd8, 0x05, 0x00, 0xe7, 0x34, 0xfa, 
  0xd1, 0x20, 0xde, 0xf4, 0x23, 0x1b, 0x11, 0xfa, 0xf1, 0xe0, 0xff, 0x0b, 
  0xfb, 0x24, 0xfa, 0x06, 0x22, 0x0a, 0x07, 0xe1, 0xf5, 0xf0, 0x24, 0xfa, 
  0xdc, 0x25, 0x0a, 0xc3, 0x12, 0x21, 0x02, 0xba, 0x1c, 0x24, 0xe9, 0x09, 
  0xf9, 0x28, 0x2a, 0xef, 0xe0, 0xda, 0xf1, 0x05, 0x01, 0x0a, 0xf4, 0x04, 
  0xe9, 0x2e, 0xeb, 0xe7, 0xfe, 0xfa, 0xe0, 0xe7, 0xf5, 0x09, 0x00, 0xd1, 
  0x00, 0x2a, 0xe8, 0xe4, 0x30, 0x28, 0xdd, 0x2f, 0x0b, 0x3d, 0xfd, 0xe4, 
  0xf2, 0x9d, 0x0d, 0x09, 0x0f, 0x37, 0xf3, 0xfb, 0xce, 0x37, 0xf3, 0x00, 
  0x07, 0x05, 0xfa, 0x0b, 0xd3, 0x2a, 0xf2, 0xf9, 0xec, 0x0c, 0x02, 0x01, 
  0x14, 0x2a, 0xdb, 0x43, 0xeb, 0x0a, 0x27, 0x30, 0x0f, 0xe0, 0xe4, 0xc6, 
  0xcc, 0x07, 0x13, 0xe4, 0xe6, 0x18, 0x16, 0xe3, 0xbf, 0xf5, 0x0a, 0x0c, 
  0xb9, 0xc3, 0xfe, 0x0e, 0x2b, 0x23, 0xfb, 0xf5, 0xeb, 0x2d, 0xfb, 0xd1, 
  0xb5, 0xc1, 0xf9, 0x06, 0xfd, 0xc0, 0x17, 0xef, 0xec, 0x06, 0xf1, 0x00, 
  0x22, 0xe5, 0xf7, 0xeb, 0xf4, 0xf6, 0xfd, 0xf6, 0xde, 0xaa, 0x09, 0x00, 
  0x2f, 0x04, 0x36, 0xe0, 0x07, 0x20, 0xe5, 0xf9, 0xb1, 0xe3, 0x21, 0xd6, 
  0x13, 0xc1, 0x1a, 0xd2, 0x20, 0x1b, 0xf4, 0x0c, 0x1c, 0xcf, 0x26, 0xcd, 
  0xe2, 0x10, 0x0b, 0xf3, 0xd2, 0xee, 0xf9, 0xe6, 0x1e, 0x1a, 0x10, 0x11, 
  0x0e, 0xfa, 0xd9, 0xcc, 0xcc, 0x06, 0xe4, 0x05, 0xf3, 0x31, 0xf8, 0xef, 
  0xe6, 0xd7, 0x1b, 0xd8, 0x25, 0x1c, 0x28, 0x23, 0xe8, 0x05, 0x0b, 0x40, 
  0xd1, 0xf6, 0xf7, 0xec, 0x18, 0xe2, 0xf6, 0xdc, 0xe9, 0x2a, 0xc2, 0xb0, 
  0xca, 0xe8, 0x0b, 0x01, 0xd9, 0x0b, 0xf0, 0x13, 0xcf, 0xf4, 0xfd, 0xd7, 
  0x2e, 0x18, 0x35, 0xeb, 0xe6, 0x17, 0x0d, 0xfc, 0xca, 0xe3, 0x1b, 0xe3, 
  0x2b, 0xf7, 0x42, 0xe6, 0x12, 0x00, 0xeb, 0xed, 0xd1, 0xdb, 0x31, 0xdc, 
  0xcd, 0xfb, 0xe6, 0xe4, 0xd6, 0x01, 0xdc, 0xbd, 0x32, 0xf5, 0x37, 0x08, 
  0x14, 0x08, 0x01, 0xe6, 0xea, 0xdc, 0x02, 0xee, 0x21, 0xd7, 0x08, 0xd5, 
  0x07, 0x07, 0xc3, 0xa1, 0xeb, 0x26, 0xd8, 0xf7, 0x18, 0x14, 0x0f, 0x19, 
  0xba, 0x13, 0x1d, 0x8e, 0xf0, 0xd0, 0xca, 0x46, 0xf2, 0xe4, 0x0a, 0xed, 
  0xa5, 0xf7, 0xbe, 0xb6, 0xba, 0xd7, 0xb9, 0x07, 0x24, 0xc0, 0xb0, 0xfc, 
  0x14, 0xf2, 0xfa, 0xea, 0x06, 0xed, 0x4e, 0xe2, 0xe2, 0xf0, 0x45, 0xbf, 
  0xbd, 0x0d, 0xf3, 0x35, 0xc1, 0xa3, 0xf4, 0x1f, 0xc4, 0xe0, 0xb4, 0xc7, 
  0xda, 0x07, 0x15, 0x12, 0xfc, 0xf1, 0x86, 0xff, 0x26, 0x10, 0x18, 0x1b, 
  0xf1, 0x06, 0x09, 0x04, 0xef, 0xef, 0xf1, 0x91, 0xe0, 0xf9, 0xd5, 0x3b, 
  0x15, 0xcc, 0xfa, 0xd6, 0xb9, 0xd4, 0x9c, 0xbe, 0xe9, 0x0b, 0xe0, 0xf5, 
  0x2d, 0x03, 0x81, 0x03, 0x2b, 0x24, 0x45, 0x0d, 0xd7, 0xf1, 0xd9, 0x04, 
  0xf7, 0xf9, 0xc9, 0x22, 0x13, 0x34, 0xf0, 0xfb, 0x1c, 0x2e, 0x10, 0x1a, 
  0xdd, 0x14, 0x03, 0xee, 0x51, 0xfb, 0x19, 0xd0, 0x36, 0x20, 0xcb, 0x2e, 
  0x12, 0x32, 0x46, 0x0e, 0xa9, 0xac, 0xe7, 0x07, 0xec, 0x40, 0x13, 0x15, 
  0x00, 0x40, 0x0b, 0x15, 0x07, 0xfa, 0x18, 0x05, 0xd5, 0xe3, 0x13, 0xdc, 
  0x59, 0x33, 0xe9, 0x02, 0xff, 0x37, 0xaf, 0xfe, 0x34, 0x10, 0x13, 0xe1, 
  0xf3, 0x81, 0x11, 0xf9, 0xfd, 0x2d, 0xe3, 0xf8, 0xf1, 0x05, 0x1a, 0xfc, 
  0xf5, 0xe6, 0xee, 0xdd, 0x13, 0x02, 0xea, 0x1f, 0x5c, 0x21, 0x06, 0xc6, 
  0x0f, 0x26, 0xce, 0xd4, 0xea, 0xf8, 0xe8, 0x30, 0xf0, 0x05, 0xd3, 0x25, 
  0xc4, 0xfa, 0xfe, 0xd6, 0x56, 0xf6, 0x56, 0x42, 0x1e, 0x05, 0x6a, 0x11, 
  0xd8, 0xc4, 0xf5, 0xdd, 0x48, 0xfe, 0x51, 0x02, 0x31, 0x4e, 0xbb, 0xfe, 
  0x06, 0x0e, 0xef, 0x1e, 0xfd, 0xf1, 0xe2, 0x02, 0xe3, 0x2a, 0xe5, 0xf3, 
  0x2d, 0x41, 0x1f, 0x05, 0x14, 0x30, 0x1c, 0xea, 0xeb, 0xdf, 0xda, 0xea, 
  0x3e, 0x1f, 0x30, 0xc3, 0x1f, 0x2c, 0xac, 0xbc, 0x1e, 0xc2, 0xeb, 0x2b, 
  0xd1, 0x01, 0xfc, 0xfc, 0xa9, 0xf3, 0xe5, 0xde, 0xe4, 0x03, 0x1c, 0x06, 
  0x0f, 0xde, 0x1c, 0x1e, 0xce, 0xeb, 0xdd, 0xd5, 0x33, 0x11, 0x3d, 0xb0, 
  0xe7, 0x46, 0xaa, 0x01, 0xf7, 0x04, 0xdb, 0x0b, 0xc4, 0x56, 0xe9, 0x00, 
  0x03, 0x18, 0x1f, 0xab, 0x2b, 0xfb, 0x1d, 0x3f, 0xe3, 0x46, 0x76, 0x24, 
  0xb7, 0x2a, 0xe4, 0xd4, 0x39, 0x09, 0xf9, 0xc1, 0x47, 0x02, 0xa6, 0x05, 
  0x48, 0x0a, 0x02, 0x28, 0x02, 0x49, 0x24, 0x36, 0xf1, 0x37, 0xd4, 0xd0, 
  0xf9, 0x0d, 0xe1, 0x3a, 0x10, 0x20, 0x28, 0xff, 0xb1, 0xf8, 0xdc, 0xfb, 
  0xdc, 0xff, 0x11, 0xc8, 0x18, 0xeb, 0xda, 0xdb, 0x16, 0x10, 0xef, 0x13, 
  0xf3, 0x20, 0x21, 0xd9, 0xc4, 0x3e, 0xe5, 0xc5, 0x13, 0x30, 0x06, 0x2e, 
  0x18, 0xfb, 0x54, 0x2a, 0xb6, 0xf6, 0xfe, 0xe2, 0x2e, 0x0e, 0xe9, 0xc0, 
  0x1a, 0x2a, 0xe2, 0xd5, 0x04, 0x03, 0xaa, 0x09, 0xc2, 0xf5, 0xdf, 0xe7, 
  0xb3, 0xd5, 0xa9, 0xd9, 0xd0, 0x11, 0xd1, 0xd6, 0xe8, 0x20, 0x6b, 0xcf, 
  0x0c, 0xba, 0xc8, 0x34, 0xd9, 0xf1, 0xd5, 0xb4, 0xc0, 0xd0, 0x01, 0xfc, 
  0xf9, 0xde, 0xca, 0x19, 0x32, 0x2b, 0x0f, 0xf3, 0x12, 0x8c, 0xcb, 0xda, 
  0x01, 0x17, 0xb9, 0x08, 0xb8, 0xea, 0x05, 0x0e, 0x10, 0xa7, 0xb7, 0x10, 
  0xac, 0xd7, 0xcd, 0xf6, 0xb0, 0xb9, 0x5e, 0x05, 0x17, 0xff, 0xe1, 0xda, 
  0x17, 0x15, 0x08, 0x13, 0x65, 0xce, 0x54, 0x3f, 0x17, 0x28, 0xec, 0xd1, 
  0x17, 0x16, 0xed, 0x17, 0x14, 0x09, 0xee, 0x11, 0xd7, 0xb6, 0xc8, 0x24, 
  0xe1, 0xfe, 0x3e, 0xf6, 0xf3, 0xff, 0x1b, 0xd1, 0xee, 0x22, 0xb6, 0xd8, 
  0xc1, 0x01, 0xa5, 0x07, 0xcb, 0x2f, 0x0b, 0xdb, 0xc8, 0x0d, 0x2b, 0xe5, 
  0x04, 0xd7, 0xf0, 0x1b, 0xc9, 0xc7, 0xfc, 0xfd, 0x25, 0xe0, 0xeb, 0x04, 
  0xf9, 0x07, 0xcf, 0x09, 0x33, 0x3b, 0x15, 0xb7, 0xd6, 0xad, 0xaf, 0xcd, 
  0x26, 0xeb, 0xf4, 0xdf, 0xbc, 0xd4, 0x4c, 0xe0, 0x46, 0xf6, 0xc2, 0x09, 
  0x90, 0x15, 0x48, 0x02, 0x15, 0x02, 0x35, 0x46, 0x26, 0x66, 0x14, 0xef, 
  0x3a, 0xf8, 0xef, 0xcb, 0x3c, 0xc7, 0xf9, 0xeb, 0x60, 0x0d, 0xc4, 0x0a, 
  0xe9, 0x6c, 0x25, 0xe6, 0x23, 0x5a, 0xbb, 0x34, 0x91, 0xdd, 0xe7, 0xf4, 
  0x37, 0x0c, 0x68, 0x0a, 0xdf, 0x81, 0xd7, 0x2e, 0x03, 0xd5, 0x0d, 0x36, 
  0xe5, 0xb5, 0xee, 0xba, 0x01, 0x15, 0x21, 0xc0, 0x02, 0x23, 0xd2, 0x14, 
  0xff, 0xf5, 0xef, 0xf2, 0x19, 0xa8, 0x02, 0x1d, 0x1c, 0x07, 0xee, 0xaa, 
  0x1e, 0xad, 0xd9, 0xee, 0xfa, 0xce, 0xc1, 0x1d, 0x11, 0xf9, 0x06, 0xc3, 
  0x1a, 0x13, 0x16, 0xee, 0xff, 0x19, 0xe3, 0x0f, 0xdb, 0xcd, 0xd7, 0xbe, 
  0x0e, 0xcf, 0xdc, 0x2f, 0x0e, 0x0f, 0xf8, 0xdd, 0x0b, 0xb9, 0x0a, 0xda, 
  0x6c, 0xae, 0xeb, 0x3b, 0x30, 0xf4, 0xda, 0xf6, 0x58, 0x1c, 0xec, 0x05, 
  0x45, 0x50, 0x08, 0xf6, 0xe2, 0xed, 0x26, 0xc3, 0xe6, 0xc5, 0x26, 0x23, 
  0xef, 0x56, 0x00, 0xfe, 0x07, 0xff, 0xf9, 0x1d, 0xf1, 0xd0, 0x1e, 0x26, 
  0xde, 0x14, 0x2f, 0xef, 0xff, 0x09, 0x18, 0x2f, 0xf3, 0x0f, 0xcf, 0x55, 
  0x81, 0x13, 0xfb, 0xb7, 0xec, 0x29, 0xe3, 0xef, 0xfb, 0xee, 0xaf, 0xe4, 
  0xf3, 0xfa, 0xd5, 0x22, 0x10, 0xc9, 0x20, 0x2a, 0xf0, 0x3e, 0x25, 0xe8, 
  0xe4, 0xda, 0xd0, 0x02, 0xd3, 0xfa, 0xe6, 0x39, 0xf6, 0x0d, 0xeb, 0xe7, 
  0x25, 0xfa, 0xfd, 0x34, 0xf5, 0xef, 0xee, 0x12, 0xdf, 0x1c, 0x1c, 0xf5, 
  0xd0, 0x2b, 0x09, 0x07, 0x1c, 0x4c, 0x09, 0xfc, 0xe4, 0xe6, 0x02, 0x23, 
  0x0b, 0xe4, 0xcd, 0xfe, 0xbf, 0xc8, 0x0a, 0x06, 0xd7, 0x25, 0xe4, 0xe7, 
  0x0d, 0xee, 0xe1, 0xe5, 0xfe, 0x2f, 0xf7, 0xf5, 0xe4, 0xf3, 0xde, 0x3a, 
  0x45, 0x4b, 0x24, 0x18, 0x26, 0xf2, 0xef, 0x3f, 0x1f, 0xc9, 0x08, 0x10, 
  0xaa, 0xd4, 0xde, 0x01, 0xf1, 0x37, 0xfb, 0xfa, 0x09, 0xce, 0x01, 0x31, 
  0x26, 0xf4, 0x27, 0xf1, 0x2c, 0x1e, 0x17, 0x17, 0x29, 0x3e, 0x3d, 0x14, 
  0xcf, 0x18, 0x27, 0x14, 0x0d, 0xd3, 0xdd, 0x35, 0xe6, 0xeb, 0x28, 0x07, 
  0x27, 0x3d, 0xe9, 0x47, 0x13, 0xce, 0xe0, 0xf6, 0x23, 0x20, 0xe4, 0x31, 
  0xed, 0x31, 0x3f, 0x32, 0x23, 0x03, 0x35, 0x03, 0xd7, 0xf1, 0x0a, 0x34, 
  0x23, 0x14, 0xd6, 0x26, 0x8f, 0xff, 0x0c, 0xe8, 0xe4, 0x48, 0x1d, 0xfb, 
  0xf3, 0x11, 0xe8, 0x2c, 0x48, 0xfe, 0xf1, 0x2a, 0x2f, 0xc7, 0x18, 0xf9, 
  0x38, 0x1d, 0xfc, 0x0c, 0xff, 0x13, 0xff, 0x37, 0x37, 0x0e, 0x04, 0x50, 
  0xb6, 0xf9, 0x11, 0xd4, 0xd8, 0xe0, 0xe8, 0xed, 0x07, 0xfa, 0xff, 0xec, 
  0xec, 0xee, 0x22, 0x11, 0xee, 0xcc, 0xd4, 0x0c, 0xfa, 0x1d, 0x28, 0xf6, 
  0xd9, 0x24, 0xe7, 0x3c, 0xf8, 0xdf, 0xf2, 0xf1, 0xef, 0xdc, 0x2c, 0xd3, 
  0xfa, 0x27, 0xdc, 0x15, 0x26, 0xee, 0x02, 0xf7, 0xe9, 0x26, 0x2e, 0x31, 
  0x26, 0xc1, 0xf8, 0x02, 0xd6, 0x27, 0x23, 0xf9, 0xff, 0xf4, 0x0b, 0x11, 
  0x19, 0x28, 0x0a, 0xf9, 0x01, 0xed, 0x04, 0xe6, 0x08, 0x0e, 0x0e, 0x2b, 
  0x18, 0x07, 0x09, 0x3f, 0xb9, 0xfc, 0xa5, 0x16, 0xf9, 0x12, 0x06, 0x81, 
  0xf4, 0xe8, 0x02, 0xf8, 0xe9, 0x03, 0xf2, 0x1d, 0xfd, 0xe3, 0x52, 0xfb, 
  0xf2, 0xc6, 0xbb, 0x22, 0xc4, 0xc2, 0xdd, 0xe3, 0x00, 0x14, 0x1f, 0xc8, 
  0xdf, 0xbb, 0xca, 0xfc, 0x05, 0xe9, 0x0a, 0x8a, 0xf1, 0xa1, 0xf0, 0x25, 
  0xeb, 0x13, 0xfa, 0x19, 0xe7, 0x30, 0x39, 0xc0, 0xf6, 0xe3, 0xd2, 0xfa, 
  0x9c, 0x07, 0xc7, 0x18, 0xc1, 0xcb, 0xfc, 0x25, 0xc9, 0xf7, 0x0b, 0xb7, 
  0x1f, 0x33, 0xf2, 0xad, 0x10, 0xea, 0x2e, 0x2d, 0x19, 0xe5, 0x09, 0xff, 
  0xa3, 0x1e, 0xfc, 0xc8, 0xca, 0x24, 0x03, 0x0e, 0xad, 0xaf, 0xfc, 0x13, 
  0xed, 0xe2, 0x34, 0x13, 0x2b, 0xd9, 0xd5, 0xf2, 0x27, 0x2d, 0xe1, 0xbf, 
  0x1a, 0xd8, 0xb8, 0xc5, 0xc7, 0xf3, 0xbe, 0xe3, 0xbf, 0x1f, 0x5a, 0xe9, 
  0x19, 0xb3, 0x02, 0x39, 0x93, 0xf5, 0xfd, 0x22, 0xf7, 0xe9, 0x34, 0xc8, 
  0x48, 0x0d, 0xf3, 0xf7, 0xf6, 0xf2, 0xcf, 0xf0, 0xd2, 0xdb, 0x95, 0xd1, 
  0xf5, 0xea, 0xd1, 0xc4, 0xc8, 0xde, 0x10, 0xf3, 0x22, 0xd0, 0xc9, 0x0a, 
  0xe6, 0xe9, 0x22, 0xe8, 0x33, 0xbd, 0x20, 0x35, 0x39, 0x30, 0xc8, 0xc5, 
  0x42, 0x1d, 0xfe, 0x0a, 0xff, 0xf4, 0xcf, 0x0a, 0x50, 0x19, 0x8c, 0xd6, 
  0xc4, 0x38, 0x30, 0x20, 0xf4, 0x4d, 0xea, 0x15, 0xa6, 0xfb, 0x0e, 0xeb, 
  0xfd, 0x1c, 0x66, 0x12, 0xd8, 0xc8, 0x2a, 0x07, 0x0d, 0xcf, 0x1f, 0xed, 
  0xc8, 0xe4, 0x1d, 0xc4, 0xd7, 0x2f, 0x04, 0xd9, 0x10, 0x04, 0xfa, 0x0d, 
  0xd0, 0xdb, 0xeb, 0x0c, 0x0d, 0xf0, 0xe7, 0xed, 0xd8, 0x17, 0x11, 0xac, 
  0x12, 0x0f, 0xfd, 0xf5, 0xf5, 0x02, 0xdc, 0x11, 0x2b, 0x1d, 0xf5, 0x22, 
  0x48, 0xfa, 0xf2, 0xd2, 0x3a, 0xda, 0xdd, 0x36, 0xfe, 0xd1, 0xdd, 0xc3, 
  0xed, 0x0f, 0xe6, 0x1c, 0xd6, 0x11, 0xe7, 0xb7, 0x19, 0x1a, 0xf6, 0x0e, 
  0x3c, 0x9f, 0x1e, 0x3c, 0x18, 0x21, 0x04, 0x2c, 0x12, 0x2e, 0xdf, 0x06, 
  0x01, 0x06, 0xbd, 0x02, 0xfb, 0x12, 0x04, 0x0e, 0xe5, 0x05, 0x1d, 0x07, 
  0x33, 0x46, 0xed, 0x13, 0x9e, 0x9b, 0x37, 0x13, 0xca, 0xb5, 0x13, 0xe0, 
  0x00, 0xe2, 0xee, 0xe2, 0xd7, 0xee, 0x2b, 0xfc, 0xfe, 0xc1, 0x32, 0xf3, 
  0xf5, 0xe0, 0xdd, 0xf8, 0x1c, 0x1f, 0x17, 0xf4, 0xf1, 0x12, 0x98, 0x9f, 
  0xa9, 0xdd, 0x34, 0x18, 0xa6, 0xc9, 0xf8, 0x26, 0xc7, 0xfb, 0x02, 0x1d, 
  0x07, 0x04, 0x2e, 0xa8, 0x26, 0xd7, 0x21, 0xfc, 0xf3, 0xad, 0xc9, 0xce, 
  0x4e, 0x31, 0x62, 0xe0, 0xef, 0x2d, 0xa0, 0xed, 0xa9, 0x9c, 0x06, 0x0a, 
  0xeb, 0x82, 0x20, 0x01, 0x25, 0xe3, 0xcb, 0x28, 0x1a, 0x11, 0x59, 0xed, 
  0x11, 0xe0, 0x11, 0xc0, 0x11, 0xd7, 0xd7, 0x11, 0x43, 0x09, 0x21, 0x19, 
  0x1c, 0x1e, 0xba, 0xbe, 0xac, 0xd7, 0xea, 0x34, 0xe2, 0xde, 0xc1, 0xef, 
  0xc5, 0xef, 0xed, 0xba, 0x19, 0x09, 0x3c, 0x35, 0x04, 0x19, 0x04, 0xfd, 
  0x20, 0xa0, 0xc5, 0xbf, 0xee, 0x13, 0xef, 0xab, 0x07, 0x08, 0xd2, 0xcb, 
  0xa5, 0x90, 0x0d, 0x0e, 0xdd, 0xb8, 0xbc, 0xe7, 0xc9, 0x0b, 0xfe, 0x07, 
  0xf2, 0x2e, 0x3a, 0x20, 0x0d, 0x1f, 0x26, 0xea, 0xe4, 0xc1, 0xe5, 0x10, 
  0xfe, 0xde, 0x48, 0xdb, 0xfc, 0x0a, 0xc7, 0xfd, 0xc6, 0x81, 0x18, 0x1b, 
  0xa6, 0x8d, 0xca, 0xb8, 0xb9, 0xe0, 0xdb, 0x0f, 0x1d, 0xff, 0x12, 0xf0, 
  0x25, 0xfd, 0x20, 0xa3, 0xe6, 0xfb, 0xfe, 0xf4, 0x32, 0x1b, 0x44, 0xba, 
  0xca, 0x23, 0xe4, 0xa5, 0xd3, 0x09, 0xd8, 0xed, 0xcc, 0xf2, 0x21, 0x3a, 
  0x27, 0x12, 0x1f, 0x8e, 0xd4, 0x0b, 0x07, 0x2c, 0xba, 0xe2, 0x15, 0xe7, 
  0xbe, 0x40, 0xda, 0xd0, 0x0f, 0xf5, 0xf9, 0x01, 0xfd, 0x00, 0x90, 0x02, 
  0xf8, 0x51, 0x2f, 0x09, 0xe6, 0x07, 0xeb, 0x3b, 0xfb, 0xf7, 0x3a, 0x95, 
  0xe9, 0x22, 0xb6, 0x20, 0x0c, 0xf9, 0xeb, 0x17, 0xde, 0xf9, 0xb3, 0xc0, 
  0x2c, 0x20, 0x10, 0xfa, 0x29, 0xf9, 0xb5, 0xc5, 0x3a, 0x18, 0x01, 0xd1, 
  0xc7, 0xd8, 0xd5, 0x33, 0xe7, 0x4f, 0x0b, 0x18, 0xcc, 0xd8, 0x11, 0xdd, 
  0x21, 0xef, 0x1f, 0xcb, 0xd7, 0x22, 0x8c, 0xc2, 0x11, 0x24, 0x09, 0xa4, 
  0xec, 0x33, 0xc2, 0xfe, 0xe6, 0xeb, 0x09, 0xd8, 0xf0, 0x56, 0xcc, 0xc4, 
  0xdd, 0xe8, 0xff, 0x3b, 0x26, 0x0e, 0xdd, 0xe2, 0x06, 0xef, 0x48, 0x23, 
  0x2c, 0xa9, 0xe7, 0x02, 0xf4, 0xdb, 0xff, 0xfd, 0xea, 0xf4, 0x03, 0x20, 
  0xe6, 0xea, 0xd2, 0xc2, 0x0e, 0x2a, 0xf6, 0xfd, 0x05, 0xb5, 0xe6, 0x06, 
  0x28, 0xfe, 0xf7, 0xd8, 0xcb, 0xef, 0x08, 0x11, 0xe2, 0xc5, 0xe0, 0x1b, 
  0xf4, 0xd9, 0x2e, 0x2c, 0xaf, 0xd7, 0x66, 0xd7, 0x05, 0x24, 0xa9, 0xf8, 
  0xd9, 0x36, 0xe8, 0x2c, 0x15, 0xdf, 0x0d, 0xe9, 0xfc, 0x1d, 0xe8, 0x04, 
  0x1d, 0x08, 0x09, 0xe7, 0x30, 0xe1, 0x06, 0x3c, 0x17, 0xcb, 0x0d, 0xf2, 
  0xc6, 0xfa, 0x72, 0x21, 0x3d, 0x1c, 0x07, 0xcc, 0xca, 0x16, 0x23, 0xbe, 
  0xed, 0xbc, 0xce, 0x18, 0x15, 0x21, 0x05, 0xdc, 0xd5, 0x0b, 0x21, 0x07, 
  0x2c, 0xb4, 0xcb, 0x49, 0xc7, 0x06, 0xf2, 0x18, 0xc0, 0xab, 0x5e, 0xbe, 
  0x3e, 0x09, 0xf5, 0xf1, 0xf7, 0x08, 0x02, 0x0c, 0x43, 0xe0, 0x1c, 0x09, 
  0xe1, 0xf5, 0x04, 0xc0, 0xd0, 0x16, 0x38, 0x08, 0x2b, 0xcc, 0xea, 0x06, 
  0xa4, 0xe3, 0x1d, 0x0d, 0xd1, 0xd4, 0x64, 0xfd, 0xfe, 0x0a, 0x01, 0xec, 
  0xed, 0x30, 0xcd, 0x20, 0xf3, 0x03, 0x0b, 0x30, 0x11, 0x2e, 0xce, 0xca, 
  0x19, 0x43, 0xf3, 0xe4, 0x39, 0xf2, 0x27, 0x05, 0x08, 0xcd, 0x17, 0xfa, 
  0x11, 0xdf, 0x7f, 0xfc, 0x13, 0xbd, 0xc8, 0xf0, 0x16, 0xf6, 0xcd, 0x0a, 
  0xf8, 0xe1, 0xef, 0xdc, 0xdb, 0x0f, 0x23, 0x0a, 0x31, 0xff, 0xfe, 0xf5, 
  0x31, 0xfc, 0xfc, 0x06, 0x05, 0xdc, 0xd7, 0xec, 0xce, 0xed, 0x0d, 0xfe, 
  0xef, 0xfb, 0xfe, 0x01, 0x35, 0xcf, 0x06, 0xdd, 0x17, 0xd5, 0xd9, 0x39, 
  0x1e, 0x27, 0x11, 0xe4, 0x17, 0xf2, 0xce, 0xfc, 0xff, 0xb9, 0xf9, 0x02, 
  0xe0, 0xe6, 0x2f, 0xed, 0xbb, 0xe5, 0x26, 0xdf, 0x02, 0xcc, 0xfd, 0xf9, 
  0x3a, 0xf5, 0x05, 0x41, 0x24, 0xcf, 0x1e, 0x17, 0x0c, 0x23, 0x2c, 0xb8, 
  0x13, 0x01, 0xf2, 0x21, 0x13, 0x22, 0x56, 0x06, 0x02, 0x0a, 0x26, 0xc9, 
  0xb9, 0x30, 0x31, 0xbc, 0x25, 0xef, 0x36, 0x42, 0xea, 0xb9, 0xf4, 0xf3, 
  0xc5, 0x28, 0xf9, 0xe9, 0x34, 0x13, 0x25, 0xcb, 0xe9, 0x2d, 0x16, 0xff, 
  0xdc, 0xe9, 0x0f, 0xe6, 0x54, 0xf7, 0x46, 0xfe, 0x1a, 0x31, 0xd3, 0xfa, 
  0x22, 0x22, 0x2c, 0x1c, 0xc0, 0xca, 0x2b, 0x16, 0x19, 0xef, 0x0a, 0xec, 
  0xde, 0x30, 0xf8, 0x00, 0x13, 0x0d, 0x13, 0x08, 0xf5, 0x17, 0x16, 0x07, 
  0x29, 0xf0, 0x27, 0x03, 0x23, 0x00, 0xcb, 0xff, 0xe6, 0xf2, 0xf0, 0xf2, 
  0xd4, 0xe1, 0xf3, 0x0d, 0xef, 0x03, 0x02, 0x02, 0xbc, 0xe1, 0x01, 0xce, 
  0xe9, 0x21, 0x05, 0xe4, 0xf7, 0xfc, 0xfc, 0xc9, 0x48, 0x3f, 0x0b, 0x07, 
  0x07, 0x0c, 0xed, 0xeb, 0x1b, 0xd3, 0x0f, 0x31, 0x16, 0x2b, 0xfe, 0x21, 
  0xdf, 0x13, 0xdb, 0xbc, 0xfa, 0xfc, 0x46, 0x14, 0x18, 0x02, 0x2e, 0xee, 
  0xe6, 0xf5, 0xea, 0xf4, 0x2f, 0xdf, 0x45, 0xf7, 0x22, 0x16, 0x9e, 0xc3, 
  0xf4, 0xf1, 0x00, 0x31, 0xea, 0x14, 0xda, 0xfa, 0xe7, 0x19, 0x02, 0xdb, 
  0x0d, 0xee, 0x31, 0x06, 0x27, 0x26, 0x3c, 0xcf, 0xc1, 0x11, 0xf0, 0x04, 
  0x26, 0x1e, 0x07, 0xbd, 0x26, 0x41, 0x98, 0xe3, 0xe4, 0xed, 0x1c, 0xff, 
  0xf7, 0x11, 0x12, 0xe7, 0xe5, 0xf3, 0xf2, 0xcd, 0x01, 0x00, 0x3b, 0x14, 
  0xe6, 0xef, 0x03, 0x18, 0x07, 0xf0, 0xea, 0xf4, 0x06, 0x0d, 0x28, 0xdd, 
  0x09, 0x2a, 0xa0, 0xb4, 0x25, 0xef, 0xe4, 0xf1, 0x16, 0x1e, 0xdc, 0x03, 
  0xb5, 0x1f, 0xd7, 0x81, 0x04, 0x31, 0x36, 0x0b, 0xf2, 0xd9, 0x3d, 0x37, 
  0xa0, 0x2d, 0xb4, 0x13, 0xd8, 0xc9, 0xe1, 0xed, 0x3c, 0xd6, 0xa1, 0x01, 
  0x0f, 0xf7, 0xf5, 0x13, 0xe4, 0x12, 0xf4, 0x22, 0xe4, 0x05, 0xfe, 0x82, 
  0xde, 0x1d, 0xe4, 0x32, 0xf4, 0xf3, 0x22, 0x18, 0x99, 0x1b, 0xbd, 0x20, 
  0xe3, 0x25, 0x36, 0xee, 0x4a, 0xea, 0x9d, 0x18, 0x1e, 0x31, 0x09, 0x03, 
  0xe6, 0x0f, 0xf8, 0xf9, 0xef, 0x1a, 0xef, 0xca, 0x21, 0x3e, 0x18, 0x1b, 
  0xfd, 0xbe, 0x30, 0xf1, 0xb0, 0x12, 0xaf, 0xfd, 0x00, 0x00, 0x13, 0xbf, 
  0x4b, 0xf2, 0xc5, 0xcd, 0xd4, 0xf5, 0xa7, 0xb3, 0xc8, 0xe5, 0x18, 0xcc, 
  0xda, 0x89, 0x05, 0xdc, 0x09, 0xf8, 0xba, 0xf6, 0xcc, 0x20, 0x3f, 0x0c, 
  0x0b, 0xca, 0xe9, 0x1e, 0x8e, 0xa7, 0xb8, 0xe3, 0xb6, 0xbd, 0xf8, 0x25, 
  0xce, 0x0b, 0xce, 0xe1, 0x32, 0x23, 0x17, 0x18, 0xe8, 0x93, 0xd0, 0x0e, 
  0xe3, 0xc0, 0xd0, 0xbc, 0xe6, 0x14, 0x2f, 0xf0, 0xe6, 0xff, 0xe5, 0x17, 
  0x81, 0xa7, 0xcb, 0xbd, 0xbb, 0xd9, 0xd9, 0x02, 0x31, 0x0b, 0xb4, 0xba, 
  0xd0, 0x17, 0xc1, 0x0e, 0x05, 0xcc, 0xc6, 0x03, 0x19, 0xee, 0xe7, 0xd6, 
  0x0b, 0xe2, 0x08, 0xf2, 0x25, 0xed, 0xf2, 0xe9, 0xdd, 0xe1, 0x18, 0x1d, 
  0xb8, 0xe5, 0xf0, 0x29, 0x34, 0x33, 0x0e, 0x15, 0xf7, 0x2d, 0x11, 0xc9, 
  0xf2, 0xe7, 0xc2, 0x1c, 0xf8, 0x13, 0xce, 0x05, 0xe1, 0x0f, 0x42, 0x22, 
  0xea, 0x2a, 0xd5, 0x00, 0x0c, 0xf3, 0xf7, 0x2d, 0x01, 0x23, 0x1f, 0x12, 
  0x5f, 0x1f, 0xe7, 0x1c, 0xe9, 0x09, 0xde, 0xa7, 0xea, 0xf4, 0xdc, 0x0f, 
  0x1e, 0x07, 0xd0, 0x07, 0x1a, 0x1c, 0x20, 0xec, 0x18, 0x1a, 0xf3, 0x04, 
  0xe4, 0xce, 0xfa, 0xd5, 0xd2, 0xf7, 0x35, 0x1c, 0x45, 0x35, 0xf2, 0x0a, 
  0x28, 0xed, 0x05, 0xb6, 0x43, 0x1f, 0xd6, 0x20, 0x32, 0x28, 0xad, 0xe0, 
  0xc7, 0x10, 0x03, 0x0e, 0x23, 0x2b, 0xc2, 0xfa, 0xef, 0xb6, 0x0d, 0x10, 
  0x0f, 0x2e, 0x36, 0x2f, 0x1f, 0xb8, 0xe4, 0xfb, 0x1c, 0xfe, 0xcc, 0xef, 
  0x34, 0x0c, 0x11, 0xb7, 0x1d, 0x17, 0x2b, 0xe6, 0x13, 0xe6, 0xe3, 0x0f, 
  0xd6, 0xeb, 0xe8, 0xce, 0xf7, 0xc9, 0xd7, 0xff, 0xea, 0xfe, 0x18, 0xa8, 
  0x09, 0xdb, 0xd2, 0xdd, 0xf0, 0xf4, 0xf5, 0x0d, 0x47, 0x23, 0xff, 0xd8, 
  0x35, 0xe8, 0x36, 0x05, 0xec, 0x11, 0xdc, 0x28, 0xf7, 0xee, 0x22, 0x0e, 
  0xed, 0xe7, 0x0f, 0xd9, 0xe3, 0xf5, 0x0c, 0xa6, 0xeb, 0xed, 0xd8, 0x14, 
  0x49, 0xf0, 0x02, 0x30, 0x07, 0x1d, 0xc3, 0xcf, 0xfc, 0x24, 0xfe, 0xd6, 
  0xec, 0xff, 0xe2, 0x1e, 0x17, 0xe6, 0x37, 0xde, 0x10, 0x16, 0xe3, 0xf5, 
  0x21, 0x18, 0x2e, 0xc3, 0x25, 0x19, 0x4c, 0x2d, 0x08, 0xf8, 0xf8, 0x2e, 
  0xcb, 0x34, 0x0e, 0x1b, 0x23, 0x3c, 0x18, 0x05, 0x0c, 0xe9, 0xd4, 0x51, 
  0xaa, 0x30, 0x02, 0xa1, 0x7f, 0x4f, 0xed, 0x0e, 0x13, 0x2c, 0xc2, 0xff, 
  0xff, 0xf7, 0x61, 0x05, 0xd9, 0xbd, 0xdd, 0x41, 0xdf, 0x3c, 0xf6, 0xdc, 
  0xc7, 0x4c, 0xf5, 0x5d, 0x18, 0x35, 0xf7, 0x07, 0x06, 0x01, 0xd8, 0x06, 
  0x2e, 0x54, 0xd0, 0x1e, 0x2d, 0x42, 0x8b, 0xd9, 0x15, 0xde, 0x45, 0x50, 
  0xe9, 0xd8, 0xd6, 0x2d, 0xe7, 0x59, 0xff, 0xcf, 0x33, 0x4b, 0xa9, 0x39, 
  0xea, 0x09, 0xba, 0x4b, 0xef, 0xd6, 0xfa, 0xa7, 0x52, 0x50, 0xed, 0xf9, 
  0x10, 0xfa, 0xe3, 0x12, 0x29, 0x4e, 0x37, 0x4c, 0xf3, 0xf6, 0xd5, 0x5d, 
  0xd5, 0xe9, 0xef, 0x2c, 0xfd, 0x4e, 0x32, 0x7f, 0x15, 0x34, 0x48, 0x15, 
  0xd1, 0xd8, 0xd7, 0xf3, 0x6f, 0x1c, 0xf5, 0xb5, 0xe0, 0x12, 0xba, 0xc4, 
  0x16, 0x3f, 0xca, 0x05, 0x23, 0xea, 0x1e, 0x6d, 0xbc, 0x28, 0xcf, 0x04, 
  0x0b, 0x10, 0xfc, 0x5f, 0x54, 0x30, 0xfd, 0xe6, 0xb2, 0x30, 0x16, 0xdb, 
  0x29, 0x1c, 0x2b, 0x2e, 0x3b, 0x04, 0x9e, 0xab, 0x30, 0x3a, 0x44, 0x3a, 
  0xe1, 0x2a, 0xfd, 0x37, 0xc8, 0x08, 0xe8, 0xad, 0x23, 0x46, 0xeb, 0x3e, 
  0x11, 0xb8, 0x38, 0x33, 0xbe, 0xac, 0xdf, 0xaa, 0xed, 0xff, 0x09, 0xf7, 
  0x16, 0x0a, 0xa7, 0x06, 0x28, 0x61, 0xe2, 0x46, 0xaf, 0x20, 0x42, 0xff, 
  0x19, 0xde, 0xe5, 0xf8, 0x1b, 0x4c, 0x4f, 0x62, 0x27, 0x26, 0x74, 0x4c, 
  0xf5, 0x45, 0x1c, 0x16, 0x03, 0x34, 0x1c, 0xbc, 0x27, 0x33, 0xf3, 0x13, 
  0x02, 0x05, 0x2d, 0xf2, 0x1b, 0x64, 0xc5, 0xf6, 0x12, 0x3b, 0xf3, 0xc5, 
  0xcd, 0x2c, 0x2e, 0x3e, 0x3b, 0x26, 0x28, 0x30, 0xd5, 0x5e, 0xf1, 0xb8, 
  0x0e, 0x47, 0xf6, 0x09, 0x22, 0xf0, 0xf6, 0x3c, 0x51, 0x29, 0x46, 0x0c, 
  0xf4, 0x3d, 0x21, 0x16, 0x18, 0x12, 0x2a, 0xb5, 0x28, 0x32, 0xc8, 0x75, 
  0x26, 0x40, 0x30, 0x45, 0x0a, 0xf9, 0xca, 0xaf, 0xcc, 0xd8, 0x11, 0xd4, 
  0x13, 0x00, 0xb6, 0xdf, 0xde, 0xda, 0xc9, 0xc3, 0xf3, 0x31, 0x44, 0xc2, 
  0x19, 0x08, 0x0e, 0xb8, 0x1c, 0xde, 0xdf, 0xa8, 0x0f, 0x23, 0x3f, 0xc8, 
  0x05, 0xbe, 0xcb, 0x18, 0x9b, 0xac, 0xad, 0x42, 0xdb, 0xf6, 0x22, 0xf4, 
  0xd4, 0xb7, 0x13, 0xe1, 0xf5, 0x2a, 0x41, 0xe8, 0xfd, 0xca, 0xdd, 0x24, 
  0xbb, 0x06, 0xe9, 0xbf, 0xc6, 0xc8, 0x26, 0xfb, 0xee, 0xd3, 0xf1, 0xfd, 
  0x89, 0xf2, 0xcd, 0xf5, 0x06, 0x08, 0x62, 0xf4, 0xae, 0x10, 0x0e, 0xa8, 
  0x42, 0x3d, 0xfe, 0x16, 0x29, 0x09, 0xf1, 0x36, 0xc9, 0xf4, 0x25, 0xb5, 
  0xd4, 0xfd, 0x31, 0xf5, 0x0a, 0xe9, 0x2a, 0xf5, 0x9d, 0x00, 0xb4, 0x5d, 
  0xb9, 0xec, 0x58, 0x25, 0xdd, 0x14, 0xbf, 0xd8, 0x2e, 0x1e, 0x00, 0xbb, 
  0x1b, 0xb8, 0xfc, 0x07, 0xc7, 0x19, 0xd9, 0x97, 0x06, 0x03, 0x5b, 0x28, 
  0xe0, 0xef, 0xea, 0x21, 0xd0, 0xdb, 0x0d, 0xfb, 0xdc, 0x9e, 0x4f, 0x1d, 
  0x2c, 0xe5, 0xf2, 0xda, 0x30, 0x09, 0x28, 0xee, 0x18, 0xbe, 0xf3, 0x07, 
  0xf4, 0x24, 0xac, 0xda, 0xed, 0xf3, 0x19, 0xfa, 0xf3, 0x28, 0x05, 0x37, 
  0xa5, 0xe8, 0xfc, 0xfb, 0x2a, 0xa9, 0x63, 0xfe, 0x2e, 0x03, 0x2a, 0xdc, 
  0x49, 0x1a, 0x0e, 0x0f, 0x5f, 0xfa, 0xda, 0x1b, 0x37, 0x21, 0xf5, 0xcc, 
  0xfe, 0x5d, 0x0a, 0xf6, 0x32, 0x25, 0x0a, 0x27, 0xc2, 0x1b, 0xe3, 0x46, 
  0x1d, 0xe1, 0x7f, 0x1c, 0x43, 0xc9, 0xd2, 0x35, 0x42, 0xb6, 0xd4, 0x06, 
  0x16, 0x27, 0x2e, 0xeb, 0xe3, 0x4c, 0xe0, 0xd6, 0x24, 0x1d, 0xbe, 0x1a, 
  0x13, 0xd6, 0x21, 0x06, 0xc8, 0xd8, 0xe3, 0xcb, 0xcb, 0xff, 0xeb, 0xd5, 
  0x04, 0xbe, 0x1e, 0x04, 0x44, 0xd9, 0xdf, 0x2b, 0xf7, 0x03, 0xe9, 0xbd, 
  0xf9, 0xf7, 0xc8, 0xcc, 0xfa, 0xfb, 0xa6, 0x03, 0xfe, 0xd5, 0x40, 0xed, 
  0x0d, 0xe2, 0x1d, 0x18, 0xf9, 0x0d, 0x02, 0x03, 0xff, 0x18, 0xf5, 0xfd, 
  0x50, 0xa8, 0x2e, 0xf3, 0x2d, 0xea, 0x29, 0x2f, 0x49, 0x36, 0xd8, 0xe1, 
  0x17, 0xe9, 0x86, 0x40, 0xee, 0x1d, 0x65, 0xfb, 0xfd, 0xea, 0xea, 0x11, 
  0x1a, 0x2e, 0x2d, 0xe2, 0xdd, 0xea, 0xcd, 0x14, 0x31, 0xf0, 0x0c, 0xef, 
  0xe2, 0x11, 0x5d, 0xb9, 0x12, 0x1b, 0x0a, 0x2b, 0xf3, 0xd8, 0xc9, 0xdd, 
  0x95, 0x0d, 0xef, 0xb3, 0x00, 0xe0, 0xd4, 0xdd, 0xea, 0xb8, 0xe4, 0xfd, 
  0xe7, 0x53, 0xe3, 0xeb, 0x1f, 0x11, 0x1d, 0x21, 0x0a, 0x1d, 0xf6, 0xef, 
  0xd3, 0x13, 0x13, 0x25, 0x37, 0xb9, 0xb2, 0x15, 0xcf, 0x3c, 0x0d, 0x0b, 
  0x05, 0x42, 0xc9, 0xf4, 0x16, 0xe3, 0xfb, 0xec, 0xf9, 0xfb, 0x41, 0x13, 
  0xff, 0xfd, 0x19, 0xe9, 0xf9, 0x29, 0x19, 0xe4, 0x34, 0xd4, 0x26, 0x17, 
  0xd8, 0xba, 0xe0, 0x4e, 0xc0, 0x0e, 0x0c, 0x21, 0xe7, 0xd3, 0x28, 0x23, 
  0x27, 0xb7, 0x22, 0xd5, 0x17, 0x03, 0xce, 0x0d, 0x03, 0xcb, 0x19, 0x27, 
  0x13, 0x26, 0x66, 0x32, 0x12, 0x29, 0x10, 0x40, 0x01, 0x2e, 0xc7, 0x03, 
  0x8f, 0xf0, 0x41, 0xa1, 0xd9, 0xdb, 0xd7, 0x44, 0x3d, 0xc3, 0x43, 0x3b, 
  0xea, 0x71, 0x39, 0x00, 0x27, 0xd0, 0xf8, 0x2a, 0xe6, 0x38, 0xfd, 0x2c, 
  0xbc, 0xf6, 0x30, 0x0d, 0xfb, 0xe0, 0x13, 0x43, 0x81, 0x46, 0x1a, 0x08, 
  0xe2, 0xef, 0xde, 0xfd, 0x0b, 0xda, 0xe7, 0x0b, 0x47, 0x07, 0x40, 0x2b, 
  0x01, 0xf7, 0x50, 0x6b, 0xe3, 0x17, 0x5c, 0xe2, 0x0c, 0x2a, 0x4a, 0x31, 
  0xf0, 0xf3, 0xcc, 0x17, 0xa3, 0x37, 0x3a, 0xd8, 0xb9, 0xff, 0x19, 0x02, 
  0xf8, 0x03, 0xf3, 0x2f, 0x09, 0x34, 0x2f, 0x29, 0x18, 0xe8, 0x08, 0xfc, 
  0x34, 0xd6, 0x25, 0x0d, 0xe3, 0x3c, 0xf7, 0xef, 0x02, 0x0c, 0xd7, 0x50, 
  0xcb, 0xf7, 0xe9, 0x3c, 0x0e, 0x0c, 0xed, 0x48, 0x2c, 0xbe, 0x36, 0x21, 
  0x3d, 0xf1, 0x2b, 0xdd, 0xf8, 0xbb, 0x12, 0x0e, 0x2e, 0xf3, 0x3b, 0x0c, 
  0xc9, 0x16, 0xf8, 0xf6, 0x26, 0xd7, 0x2b, 0xee, 0x24, 0xff, 0x12, 0xd2, 
  0xcc, 0x59, 0xe4, 0x70, 0x02, 0xdc, 0x04, 0xf7, 0x19, 0x2e, 0x17, 0x1e, 
  0x1e, 0x34, 0xf8, 0xe0, 0x4a, 0x08, 0xe8, 0x0f, 0xce, 0x2f, 0xc8, 0x3b, 
  0x42, 0xd6, 0x17, 0x1b, 0x00, 0xfd, 0xfa, 0x06, 0xec, 0xf4, 0x1f, 0x00, 
  0x36, 0xdf, 0xf7, 0x27, 0x03, 0xea, 0x08, 0x1d, 0x1a, 0xd7, 0x28, 0xfb, 
  0xde, 0xfe, 0x13, 0xda, 0x00, 0x03, 0x2c, 0x03, 0xdf, 0xeb, 0x11, 0x0a, 
  0xad, 0xc5, 0x00, 0x07, 0xfb, 0x01, 0x1a, 0x06, 0xfd, 0x2b, 0x12, 0x09, 
  0xd3, 0xdb, 0x09, 0xfb, 0x1d, 0xd7, 0x14, 0xcc, 0x07, 0x19, 0x08, 0x05, 
  0xed, 0x07, 0x21, 0xf6, 0xcd, 0xf8, 0x0e, 0x05, 0xb0, 0xba, 0x09, 0x03, 
  0x0e, 0x00, 0x1a, 0x0c, 0xee, 0x1b, 0x03, 0xff, 0xed, 0xb2, 0xea, 0x01, 
  0x22, 0xdc, 0x36, 0xf1, 0x17, 0x07, 0x16, 0xec, 0xe5, 0xee, 0x3a, 0x00, 
  0xd9, 0xf4, 0x25, 0xfb, 0xde, 0xc4, 0xef, 0xf7, 0x1d, 0xfc, 0xfc, 0x14, 
  0xec, 0x33, 0x12, 0xf9, 0xe3, 0x13, 0xf7, 0xee, 0x0b, 0x22, 0xf8, 0x27, 
  0x17, 0x16, 0x0d, 0xae, 0xe5, 0x16, 0x2f, 0x1b, 0xe4, 0x07, 0x19, 0x0f, 
  0xd7, 0xe5, 0xf7, 0xf3, 0xf9, 0xf7, 0xf9, 0x06, 0xfd, 0xfa, 0xcd, 0xd8, 
  0xd7, 0x03, 0xf6, 0xe7, 0x0f, 0x0b, 0x02, 0x01, 0x0f, 0xf8, 0x14, 0xc7, 
  0x03, 0xe6, 0x3b, 0x1f, 0xc5, 0x0c, 0x1a, 0x1b, 0xc6, 0xe2, 0xff, 0xec, 
  0xfe, 0x10, 0x35, 0x09, 0xf3, 0xfa, 0xb7, 0xe3, 0xe5, 0x0c, 0xf2, 0xdd, 
  0x06, 0x1c, 0x05, 0x09, 0x08, 0x10, 0x09, 0xc7, 0xfc, 0xe3, 0x26, 0xfc, 
  0xdf, 0xfc, 0x13, 0x09, 0xdf, 0x04, 0x09, 0xe5, 0x14, 0xdb, 0x05, 0x05, 
  0xf7, 0xf8, 0xc5, 0xbe, 0xea, 0xfb, 0xc2, 0xcf, 0x01, 0x19, 0x03, 0x2d, 
  0x12, 0x08, 0x21, 0x81, 0xfa, 0xd9, 0x00, 0xf9, 0xec, 0xd0, 0x01, 0x1e, 
  0xe0, 0x00, 0xed, 0xed, 0xf7, 0x0d, 0xad, 0xe7, 0x20, 0xc0, 0xd6, 0xd1, 
  0xd3, 0x0a, 0xef, 0xcb, 0x09, 0x06, 0x0e, 0x02, 0xfe, 0x0e, 0x29, 0x8d, 
  0xe3, 0xfc, 0xf9, 0xf9, 0xe9, 0xfc, 0xe0, 0x15, 0xfc, 0x10, 0xf3, 0xf7, 
  0xf9, 0x20, 0xe9, 0xfb, 0x08, 0xdb, 0xe3, 0xed, 0xf8, 0x05, 0xf3, 0xe0, 
  0xef, 0x1c, 0xe9, 0xfe, 0xee, 0xf9, 0x15, 0x9d, 0xde, 0xb9, 0x02, 0xdb, 
  0xf9, 0xd6, 0xe5, 0x04, 0xd2, 0xff, 0xf8, 0xed, 0x04, 0x0d, 0xe9, 0xe6, 
  0x07, 0xee, 0xca, 0xe3, 0xbb, 0x95, 0x0a, 0x09, 0x29, 0x23, 0xcc, 0x8a, 
  0xcd, 0xb1, 0x0a, 0xd7, 0x15, 0xfe, 0xf4, 0x3e, 0x23, 0x5b, 0x50, 0xe0, 
  0xb3, 0x97, 0xe1, 0x2b, 0xd4, 0x97, 0xe6, 0x47, 0xe6, 0x2a, 0xe7, 0x0a, 
  0x23, 0xb4, 0x1f, 0x2d, 0x22, 0xf4, 0x0d, 0xc8, 0x2b, 0xd2, 0x25, 0xd2, 
  0x13, 0x3e, 0xee, 0x0a, 0xc1, 0x43, 0x29, 0xff, 0xf4, 0x94, 0x89, 0x2e, 
  0xaa, 0xb5, 0xf0, 0x17, 0xbb, 0xef, 0x14, 0x20, 0xf9, 0xfb, 0xc7, 0xc3, 
  0x4c, 0xf1, 0xd7, 0xea, 0x3a, 0x0e, 0x55, 0x24, 0x4c, 0x40, 0x36, 0x02, 
  0x53, 0xed, 0x25, 0xe8, 0xaf, 0xf6, 0x2d, 0x53, 0xdd, 0xb8, 0xe6, 0xd9, 
  0xbd, 0x33, 0x52, 0x12, 0xe5, 0xe4, 0xfd, 0x29, 0xd7, 0x08, 0xc6, 0xde, 
  0xee, 0x81, 0x9f, 0xf3, 0xef, 0xf5, 0x04, 0x42, 0x10, 0x38, 0x69, 0xd0, 
  0xe4, 0xdd, 0xa3, 0xf3, 0xfa, 0xd1, 0x20, 0x16, 0x05, 0xfc, 0xed, 0xe5, 
  0x45, 0xf4, 0xcd, 0x23, 0xe5, 0x0b, 0xee, 0xae, 0x1f, 0xa4, 0xa0, 0x2a, 
  0x25, 0x25, 0xbd, 0x16, 0xd7, 0x2c, 0x3a, 0x9f, 0xfc, 0x14, 0xa1, 0x4c, 
  0xd6, 0xeb, 0x35, 0xce, 0xdf, 0x1f, 0x1d, 0x31, 0xfd, 0x1f, 0x03, 0xde, 
  0xef, 0xf8, 0x0c, 0xf6, 0x0d, 0x11, 0xfc, 0x3d, 0x13, 0xed, 0xaa, 0x14, 
  0xeb, 0x10, 0x0a, 0x29, 0xe4, 0xd4, 0x05, 0x3c, 0xdf, 0xa8, 0x40, 0xdd, 
  0x03, 0x34, 0x53, 0x1c, 0xb8, 0xa0, 0xf2, 0x00, 0x25, 0xeb, 0xdb, 0x1c, 
  0x14, 0xb7, 0x28, 0xcc, 0x34, 0xf2, 0x29, 0x2c, 0x22, 0x13, 0x08, 0x41, 
  0xf0, 0xcc, 0x42, 0xcc, 0xf5, 0xca, 0x15, 0x23, 0xca, 0xd6, 0xba, 0xc0, 
  0x15, 0xa4, 0xdd, 0xf8, 0xfb, 0xc1, 0xde, 0x1f, 0x07, 0xc3, 0x13, 0x16, 
  0x20, 0x45, 0x0c, 0x31, 0x42, 0x1d, 0xe2, 0xf7, 0xe4, 0x9e, 0x24, 0x9a, 
  0x15, 0xeb, 0x1b, 0xd5, 0xdd, 0xfb, 0xd5, 0xe2, 0xe6, 0xfe, 0xdc, 0x0f, 
  0x17, 0xc3, 0xd9, 0x03, 0x0b, 0x08, 0x22, 0x16, 0x67, 0x4c, 0xef, 0xc5, 
  0x38, 0x30, 0xd6, 0x5c, 0xc4, 0xc3, 0x42, 0xf2, 0xe8, 0xf4, 0x0f, 0xf3, 
  0xe6, 0x31, 0xf9, 0xeb, 0xd2, 0xfd, 0xff, 0xff, 0x04, 0x00, 0x00, 0x00, 
  0x80, 0x00, 0x00, 0x00, 0x7c, 0x01, 0x00, 0x00, 0x1e, 0x00, 0x00, 0x00, 
  0xb0, 0x00, 0x00, 0x00, 0xb9, 0x04, 0x00, 0x00, 0x54, 0xfe, 0xff, 0xff, 
  0x57, 0x06, 0x00, 0x00, 0xae, 0x02, 0x00, 0x00, 0x07, 0xff, 0xff, 0xff, 
  0x9c, 0x03, 0x00, 0x00, 0xc8, 0x01, 0x00, 0x00, 0xb5, 0x04, 0x00, 0x00, 
  0x53, 0x01, 0x00, 0x00, 0x3f, 0x08, 0x00, 0x00, 0x3c, 0x01, 0x00, 0x00, 
  0x42, 0x00, 0x00, 0x00, 0x5d, 0x00, 0x00, 0x00, 0xe1, 0xfd, 0xff, 0xff, 
  0x48, 0xfd, 0xff, 0xff, 0x9a, 0x01, 0x00, 0x00, 0x6f, 0x02, 0x00, 0x00, 
  0x86, 0x00, 0x00, 0x00, 0xc5, 0xff, 0xff, 0xff, 0x49, 0x00, 0x00, 0x00, 
  0x57, 0x01, 0x00, 0x00, 0x3d, 0x02, 0x00, 0x00, 0x8c, 0x01, 0x00, 0x00, 
  0x93, 0xfe, 0xff, 0xff, 0xca, 0x01, 0x00, 0x00, 0x82, 0x04, 0x00, 0x00, 
  0xa4, 0x02, 0x00, 0x00, 0x7f, 0xff, 0xff, 0xff, 0x63, 0xff, 0xff, 0xff, 
  0x5e, 0xfe, 0xff, 0xff, 0x04, 0x00, 0x00, 0x00, 0x20, 0x00, 0x00, 0x00, 
  0xd6, 0xc7, 0xbd, 0xb8, 0x9f, 0xd5, 0xca, 0xa0, 0xac, 0xe0, 0xc5, 0xda, 
  0xde, 0xaf, 0xab, 0xcc, 0xc7, 0x0f, 0x7f, 0xae, 0xe5, 0xa6, 0xe9, 0x62, 
  0xbc, 0xd4, 0xf3, 0xa1, 0xd1, 0xa8, 0x42, 0xd2, 0x8a, 0xfe, 0xff, 0xff, 
  0x04, 0x00, 0x00, 0x00, 0x20, 0x00, 0x00, 0x00, 0x47, 0x40, 0x4e, 0xcd, 
  0x97, 0x00, 0x38, 0xae, 0x9c, 0x39, 0xe9, 0x05, 0x10, 0xe8, 0xe6, 0x52, 
  0xec, 0x55, 0x3c, 0xc6, 0x4c, 0xd2, 0x55, 0x63, 0x41, 0xfa, 0x51, 0x80, 
  0x27, 0xbe, 0x22, 0x4b, 0xb6, 0xfe, 0xff, 0xff, 0x04, 0x00, 0x00, 0x00, 
  0x60, 0x00, 0x00, 0x00, 0xd4, 0xeb, 0x1b, 0x5c, 0x25, 0xb6, 0xc4, 0xd4, 
  0x56, 0xed, 0xee, 0x49, 0xc3, 0xdb, 0xbe, 0xc2, 0x57, 0x16, 0x75, 0x28, 
  0xb0, 0xd2, 0xb0, 0x5b, 0xc0, 0x29, 0xb5, 0x19, 0xb2, 0x02, 0x7f, 0xdc, 
  0x6d, 0x77, 0x72, 0xbf, 0xd8, 0xff, 0x63, 0xad, 0xe0, 0x7f, 0x13, 0x9d, 
  0x18, 0xfc, 0xd3, 0x2a, 0xa7, 0xdd, 0xd3, 0xa3, 0x75, 0xbe, 0x6e, 0xe8, 
  0x2c, 0xb7, 0x76, 0xa4, 0x47, 0x01, 0xbf, 0x4b, 0xff, 0x05, 0x04, 0xe7, 
  0x3e, 0x4e, 0x1d, 0x05, 0x13, 0x25, 0x45, 0xb7, 0x45, 0x49, 0x1f, 0xab, 
  0xd2, 0x81, 0x07, 0xf7, 0xc6, 0x41, 0xad, 0x89, 0xc2, 0xfb, 0xbf, 0x1e, 
  0xdf, 0x43, 0xfd, 0x9f, 0x22, 0xff, 0xff, 0xff, 0x04, 0x00, 0x00, 0x00, 
  0x0c, 0x00, 0x00, 0x00, 0x8d, 0xfd, 0xff, 0xff, 0x37, 0x09, 0x00, 0x00, 
  0xd4, 0xf6, 0xff, 0xff, 0x3a, 0xff, 0xff, 0xff, 0x04, 0x00, 0x00, 0x00, 
  0x08, 0x00, 0x00, 0x00, 0x01, 0x00, 0x00, 0x00, 0x02, 0x00, 0x00, 0x00, 
  0x60, 0xde, 0xff, 0xff, 0x64, 0xde, 0xff, 0xff, 0x0f, 0x00, 0x00, 0x00, 
  0x4d, 0x4c, 0x49, 0x52, 0x20, 0x43, 0x6f, 0x6e, 0x76, 0x65, 0x72, 0x74, 
  0x65, 0x64, 0x2e, 0x00, 0x01, 0x00, 0x00, 0x00, 0x14, 0x00, 0x00, 0x00, 
  0x00, 0x00, 0x0e, 0x00, 0x18, 0x00, 0x14, 0x00, 0x10, 0x00, 0x0c, 0x00, 
  0x08, 0x00, 0x04, 0x00, 0x0e, 0x00, 0x00, 0x00, 0x14, 0x00, 0x00, 0x00, 
  0x1c, 0x00, 0x00, 0x00, 0xf8, 0x03, 0x00, 0x00, 0xfc, 0x03, 0x00, 0x00, 
  0x00, 0x04, 0x00, 0x00, 0x04, 0x00, 0x00, 0x00, 0x6d, 0x61, 0x69, 0x6e, 
  0x00, 0x00, 0x00, 0x00, 0x0f, 0x00, 0x00, 0x00, 0x94, 0x03, 0x00, 0x00, 
  0x50, 0x03, 0x00, 0x00, 0x0c, 0x03, 0x00, 0x00, 0xb8, 0x02, 0x00, 0x00, 
  0x50, 0x02, 0x00, 0x00, 0x00, 0x02, 0x00, 0x00, 0xcc, 0x01, 0x00, 0x00, 
  0x98, 0x01, 0x00, 0x00, 0x54, 0x01, 0x00, 0x00, 0x14, 0x01, 0x00, 0x00, 
  0xe0, 0x00, 0x00, 0x00, 0xac, 0x00, 0x00, 0x00, 0x78, 0x00, 0x00, 0x00, 
  0x40, 0x00, 0x00, 0x00, 0x04, 0x00, 0x00, 0x00, 0x86, 0xfd, 0xff, 0xff, 
  0x1c, 0x00, 0x00, 0x00, 0x00, 0x00, 0x00, 0x09, 0x1c, 0x00, 0x00, 0x00, 
  0x20, 0x00, 0x00, 0x00, 0x07, 0x00, 0x00, 0x00, 0x00, 0x00, 0x06, 0x00, 
  0x08, 0x00, 0x04, 0x00, 0x06, 0x00, 0x00, 0x00, 0x00, 0x00, 0x80, 0x3f, 
  0x01, 0x00, 0x00, 0x00, 0x20, 0x00, 0x00, 0x00, 0x01, 0x00, 0x00, 0x00, 
  0x1f, 0x00, 0x00, 0x00, 0x2e, 0xfd, 0xff, 0xff, 0x14, 0x00, 0x00, 0x00, 
  0x00, 0x00, 0x00, 0x08, 0x10, 0x00, 0x00, 0x00, 0x14, 0x00, 0x00, 0x00, 
  0x06, 0x00, 0x00, 0x00, 0x48, 0xdf, 0xff, 0xff, 0x01, 0x00, 0x00, 0x00, 
  0x1f, 0x00, 0x00, 0x00, 0x03, 0x00, 0x00, 0x00, 0x1e, 0x00, 0x00, 0x00, 
  0x03, 0x00, 0x00, 0x00, 0x02, 0x00, 0x00, 0x00, 0x62, 0xfd, 0xff, 0xff, 
  0x14, 0x00, 0x00, 0x00, 0x00, 0x00, 0x00, 0x1b, 0x10, 0x00, 0x00, 0x00, 
  0x14, 0x00, 0x00, 0x00, 0x05, 0x00, 0x00, 0x00, 0x7c, 0xdf, 0xff, 0xff, 
  0x01, 0x00, 0x00, 0x00, 0x1e, 0x00, 0x00, 0x00, 0x02, 0x00, 0x00, 0x00, 
  0x1d, 0x00, 0x00, 0x00, 0x01, 0x00, 0x00, 0x00, 0x92, 0xfd, 0xff, 0xff, 
  0x14, 0x00, 0x00, 0x00, 0x00, 0x00, 0x00, 0x0b, 0x10, 0x00, 0x00, 0x00, 
  0x14, 0x00, 0x00, 0x00, 0x02, 0x00, 0x00, 0x00, 0xac, 0xdf, 0xff, 0xff, 
  0x01, 0x00, 0x00, 0x00, 0x1d, 0x00, 0x00, 0x00, 0x02, 0x00, 0x00, 0x00, 
  0x1c, 0x00, 0x00, 0x00, 0x04, 0x00, 0x00, 0x00, 0xc2, 0xfd, 0xff, 0xff, 
  0x14, 0x00, 0x00, 0x00, 0x00, 0x00, 0x00, 0x15, 0x10, 0x00, 0x00, 0x00, 
  0x14, 0x00, 0x00, 0x00, 0x01, 0x00, 0x00, 0x00, 0xdc, 0xdf, 0xff, 0xff, 
  0x01, 0x00, 0x00, 0x00, 0x1c, 0x00, 0x00, 0x00, 0x02, 0x00, 0x00, 0x00, 
  0x1b, 0x00, 0x00, 0x00, 0x05, 0x00, 0x00, 0x00, 0xb2, 0xfd, 0xff, 0xff, 
  0x10, 0x00, 0x00, 0x00, 0x00, 0x00, 0x00, 0x01, 0x18, 0x00, 0x00, 0x00, 
  0x1c, 0x00, 0x00, 0x00, 0xa4, 0xfd, 0xff, 0xff, 0x00, 0x00, 0x00, 0x01, 
  0x01, 0x00, 0x00, 0x00, 0x01, 0x00, 0x00, 0x00, 0x01, 0x00, 0x00, 0x00, 
  0x1b, 0x00, 0x00, 0x00, 0x03, 0x00, 0x00, 0x00, 0x1a, 0x00, 0x00, 0x00, 
  0x07, 0x00, 0x00, 0x00, 0x06, 0x00, 0x00, 0x00, 0x2e, 0xfe, 0xff, 0xff, 
  0x14, 0x00, 0x00, 0x00, 0x00, 0x00, 0x00, 0x05, 0x24, 0x00, 0x00, 0x00, 
  0x28, 0x00, 0x00, 0x00, 0x03, 0x00, 0x00, 0x00, 0xae, 0xfe, 0xff, 0xff, 
  0x02, 0x00, 0x00, 0x00, 0x02, 0x00, 0x00, 0x00, 0x02, 0x00, 0x00, 0x00, 
  0x02, 0x00, 0x00, 0x00, 0x00, 0x00, 0x00, 0x01, 0x01, 0x00, 0x00, 0x00, 
  0x1a, 0x00, 0x00, 0x00, 0x01, 0x00, 0x00, 0x00, 0x19, 0x00, 0x00, 0x00, 
  0x6e, 0xfe, 0xff, 0xff, 0x14, 0x00, 0x00, 0x00, 0x00, 0x00, 0x00, 0x0b, 
  0x10, 0x00, 0x00, 0x00, 0x14, 0x00, 0x00, 0x00, 0x02, 0x00, 0x00, 0x00, 
  0x88, 0xe0, 0xff, 0xff, 0x01, 0x00, 0x00, 0x00, 0x19, 0x00, 0x00, 0x00, 
  0x02, 0x00, 0x00, 0x00, 0x18, 0x00, 0x00, 0x00, 0x08, 0x00, 0x00, 0x00, 
  0x9e, 0xfe, 0xff, 0xff, 0x14, 0x00, 0x00, 0x00, 0x00, 0x00, 0x00, 0x15, 
  0x10, 0x00, 0x00, 0x00, 0x14, 0x00, 0x00, 0x00, 0x01, 0x00, 0x00, 0x00, 
  0xb8, 0xe0, 0xff, 0xff, 0x01, 0x00, 0x00, 0x00, 0x18, 0x00, 0x00, 0x00, 
  0x02, 0x00, 0x00, 0x00, 0x17, 0x00, 0x00, 0x00, 0x09, 0x00, 0x00, 0x00, 
  0x8e, 0xfe, 0xff, 0xff, 0x1c, 0x00, 0x00, 0x00, 0x00, 0x00, 0x00, 0x01, 
  0x28, 0x00, 0x00, 0x00, 0x2c, 0x00, 0x00, 0x00, 0x0c, 0x00, 0x14, 0x00, 
  0x13, 0x00, 0x0c, 0x00, 0x08, 0x00, 0x07, 0x00, 0x0c, 0x00, 0x00, 0x00, 
  0x00, 0x00, 0x00, 0x01, 0x01, 0x00, 0x00, 0x00, 0x01, 0x00, 0x00, 0x00, 
  0x00, 0x00, 0x00, 0x01, 0x01, 0x00, 0x00, 0x00, 0x17, 0x00, 0x00, 0x00, 
  0x03, 0x00, 0x00, 0x00, 0x16, 0x00, 0x00, 0x00, 0x0b, 0x00, 0x00, 0x00, 
  0x0a, 0x00, 0x00, 0x00, 0xaa, 0xff, 0xff, 0xff, 0x24, 0x00, 0x00, 0x00, 
  0x00, 0x00, 0x00, 0x02, 0x30, 0x00, 0x00, 0x00, 0x34, 0x00, 0x00, 0x00, 
  0x04, 0x00, 0x00, 0x00, 0x00, 0x00, 0x0e, 0x00, 0x14, 0x00, 0x00, 0x00, 
  0x10, 0x00, 0x0c, 0x00, 0x08, 0x00, 0x07, 0x00, 0x0e, 0x00, 0x00, 0x00, 
  0x00, 0x00, 0x00, 0x01, 0x01, 0x00, 0x00, 0x00, 0x01, 0x00, 0x00, 0x00, 
  0x01, 0x00, 0x00, 0x00, 0x01, 0x00, 0x00, 0x00, 0x16, 0x00, 0x00, 0x00, 
  0x03, 0x00, 0x00, 0x00, 0x15, 0x00, 0x00, 0x00, 0x0d, 0x00, 0x00, 0x00, 
  0x0c, 0x00, 0x00, 0x00, 0x00, 0x00, 0x0e, 0x00, 0x1a, 0x00, 0x14, 0x00, 
  0x10, 0x00, 0x0c, 0x00, 0x0b, 0x00, 0x04, 0x00, 0x0e, 0x00, 0x00, 0x00, 
  0x24, 0x00, 0x00, 0x00, 0x00, 0x00, 0x00, 0x05, 0x34, 0x00, 0x00, 0x00, 
  0x38, 0x00, 0x00, 0x00, 0x03, 0x00, 0x00, 0x00, 0x00, 0x00, 0x0e, 0x00, 
  0x18, 0x00, 0x17, 0x00, 0x10, 0x00, 0x0c, 0x00, 0x08, 0x00, 0x04, 0x00, 
  0x0e, 0x00, 0x00, 0x00, 0x02, 0x00, 0x00, 0x00, 0x02, 0x00, 0x00, 0x00, 
  0x02, 0x00, 0x00, 0x00, 0x02, 0x00, 0x00, 0x00, 0x00, 0x00, 0x00, 0x01, 
  0x01, 0x00, 0x00, 0x00, 0x15, 0x00, 0x00, 0x00, 0x01, 0x00, 0x00, 0x00, 
  0x14, 0x00, 0x00, 0x00, 0xce, 0xff, 0xff, 0xff, 0x14, 0x00, 0x00, 0x00, 
  0x00, 0x00, 0x00, 0x0b, 0x10, 0x00, 0x00, 0x00, 0x14, 0x00, 0x00, 0x00, 
  0x02, 0x00, 0x00, 0x00, 0xe8, 0xe1, 0xff, 0xff, 0x01, 0x00, 0x00, 0x00, 
  0x14, 0x00, 0x00, 0x00, 0x02, 0x00, 0x00, 0x00, 0x13, 0x00, 0x00, 0x00, 
  0x0e, 0x00, 0x00, 0x00, 0x00, 0x00, 0x0e, 0x00, 0x18, 0x00, 0x14, 0x00, 
  0x10, 0x00, 0x0c, 0x00, 0x0b, 0x00, 0x04, 0x00, 0x0e, 0x00, 0x00, 0x00, 
  0x14, 0x00, 0x00, 0x00, 0x00, 0x00, 0x00, 0x15, 0x10, 0x00, 0x00, 0x00, 
  0x14, 0x00, 0x00, 0x00, 0x01, 0x00, 0x00, 0x00, 0x28, 0xe2, 0xff, 0xff, 
  0x01, 0x00, 0x00, 0x00, 0x13, 0x00, 0x00, 0x00, 0x02, 0x00, 0x00, 0x00, 
  0x12, 0x00, 0x00, 0x00, 0x0f, 0x00, 0x00, 0x00, 0x00, 0x00, 0x0e, 0x00, 
  0x14, 0x00, 0x00, 0x00, 0x10, 0x00, 0x0c, 0x00, 0x0b, 0x00, 0x04, 0x00, 
  0x0e, 0x00, 0x00, 0x00, 0x1c, 0x00, 0x00, 0x00, 0x00, 0x00, 0x00, 0x01, 
  0x24, 0x00, 0x00, 0x00, 0x28, 0x00, 0x00, 0x00, 0x0c, 0x00, 0x10, 0x00, 
  0x00, 0x00, 0x0c, 0x00, 0x08, 0x00, 0x07, 0x00, 0x0c, 0x00, 0x00, 0x00, 
  0x00, 0x00, 0x00, 0x01, 0x01, 0x00, 0x00, 0x00, 0x01, 0x00, 0x00, 0x00, 
  0x01, 0x00, 0x00, 0x00, 0x12, 0x00, 0x00, 0x00, 0x03, 0x00, 0x00, 0x00, 
  0x00, 0x00, 0x00, 0x00, 0x11, 0x00, 0x00, 0x00, 0x10, 0x00, 0x00, 0x00, 
  0x01, 0x00, 0x00, 0x00, 0x20, 0x00, 0x00, 0x00, 0x01, 0x00, 0x00, 0x00, 
  0x00, 0x00, 0x00, 0x00, 0x21, 0x00, 0x00, 0x00, 0xc0, 0x1d, 0x00, 0x00, 
  0x34, 0x1d, 0x00, 0x00, 0x94, 0x1c, 0x00, 0x00, 0x10, 0x1c, 0x00, 0x00, 
  0x8c, 0x1b, 0x00, 0x00, 0x08, 0x1b, 0x00, 0x00, 0xc4, 0x18, 0x00, 0x00, 
  0xd0, 0x16, 0x00, 0x00, 0x4c, 0x16, 0x00, 0x00, 0xc8, 0x15, 0x00, 0x00, 
  0x84, 0x13, 0x00, 0x00, 0x90, 0x11, 0x00, 0x00, 0xec, 0x0f, 0x00, 0x00, 
  0x98, 0x0e, 0x00, 0x00, 0xfc, 0x0d, 0x00, 0x00, 0x78, 0x0d, 0x00, 0x00, 
  0xfc, 0x0b, 0x00, 0x00, 0xc8, 0x0a, 0x00, 0x00, 0xdc, 0x09, 0x00, 0x00, 
  0x38, 0x09, 0x00, 0x00, 0x94, 0x08, 0x00, 0x00, 0xf8, 0x07, 0x00, 0x00, 
  0xe4, 0x06, 0x00, 0x00, 0xf0, 0x05, 0x00, 0x00, 0x44, 0x05, 0x00, 0x00, 
  0x98, 0x04, 0x00, 0x00, 0xfc, 0x03, 0x00, 0x00, 0x08, 0x03, 0x00, 0x00, 
  0x5c, 0x02, 0x00, 0x00, 0xb0, 0x01, 0x00, 0x00, 0x1c, 0x01, 0x00, 0x00, 
  0x80, 0x00, 0x00, 0x00, 0x04, 0x00, 0x00, 0x00, 0xda, 0xe2, 0xff, 0xff, 
  0x00, 0x00, 0x00, 0x01, 0x18, 0x00, 0x00, 0x00, 0x20, 0x00, 0x00, 0x00, 
  0x3c, 0x00, 0x00, 0x00, 0x21, 0x00, 0x00, 0x00, 0x00, 0x00, 0x00, 0x09, 
  0x50, 0x00, 0x00, 0x00, 0x02, 0x00, 0x00, 0x00, 0xff, 0xff, 0xff, 0xff, 
  0x03, 0x00, 0x00, 0x00, 0xbc, 0xe2, 0xff, 0xff, 0x08, 0x00, 0x00, 0x00, 
  0x10, 0x00, 0x00, 0x00, 0x01, 0x00, 0x00, 0x00, 0x80, 0xff, 0xff, 0xff, 
  0xff, 0xff, 0xff, 0xff, 0x01, 0x00, 0x00, 0x00, 0x00, 0x00, 0x80, 0x3b, 
  0x1b, 0x00, 0x00, 0x00, 0x53, 0x74, 0x61, 0x74, 0x65, 0x66, 0x75, 0x6c, 
  0x50, 0x61, 0x72, 0x74, 0x69, 0x74, 0x69, 0x6f, 0x6e, 0x65, 0x64, 0x43, 
  0x61, 0x6c, 0x6c, 0x5f, 0x31, 0x3a, 0x30, 0x00, 0x02, 0x00, 0x00, 0x00, 
  0x01, 0x00, 0x00, 0x00, 0x03, 0x00, 0x00, 0x00, 0x52, 0xe3, 0xff, 0xff, 
  0x00, 0x00, 0x00, 0x01, 0x18, 0x00, 0x00, 0x00, 0x20, 0x00, 0x00, 0x00, 
  0x3c, 0x00, 0x00, 0x00, 0x20, 0x00, 0x00, 0x00, 0x00, 0x00, 0x00, 0x09, 
  0x70, 0x00, 0x00, 0x00, 0x02, 0x00, 0x00, 0x00, 0xff, 0xff, 0xff, 0xff, 
  0x03, 0x00, 0x00, 0x00, 0x34, 0xe3, 0xff, 0xff, 0x08, 0x00, 0x00, 0x00, 
  0x10, 0x00, 0x00, 0x00, 0x01, 0x00, 0x00, 0x00, 0xf1, 0xff, 0xff, 0xff, 
  0xff, 0xff, 0xff, 0xff, 0x01, 0x00, 0x00, 0x00, 0xec, 0x5a, 0x6e, 0x3d, 
  0x38, 0x00, 0x00, 0x00, 0x73, 0x65, 0x71, 0x75, 0x65, 0x6e, 0x74, 0x69, 
  0x61, 0x6c, 0x5f, 0x31, 0x2f, 0x64, 0x65, 0x6e, 0x73, 0x65, 0x5f, 0x31, 
  0x2f, 0x4d, 0x61, 0x74, 0x4d, 0x75, 0x6c, 0x3b, 0x73, 0x65, 0x71, 0x75, 
  0x65, 0x6e, 0x74, 0x69, 0x61, 0x6c, 0x5f, 0x31, 0x2f, 0x64, 0x65, 0x6e, 
  0x73, 0x65, 0x5f, 0x31, 0x2f, 0x42, 0x69, 0x61, 0x73, 0x41, 0x64, 0x64, 
  0x00, 0x00, 0x00, 0x00, 0x02, 0x00, 0x00, 0x00, 0x01, 0x00, 0x00, 0x00, 
  0x03, 0x00, 0x00, 0x00, 0xea, 0xe3, 0xff, 0xff, 0x00, 0x00, 0x00, 0x01, 
  0x18, 0x00, 0x00, 0x00, 0x20, 0x00, 0x00, 0x00, 0x40, 0x00, 0x00, 0x00, 
  0x1f, 0x00, 0x00, 0x00, 0x00, 0x00, 0x00, 0x09, 0x68, 0x00, 0x00, 0x00, 
  0x02, 0x00, 0x00, 0x00, 0xff, 0xff, 0xff, 0xff, 0x20, 0x00, 0x00, 0x00, 
  0xcc, 0xe3, 0xff, 0xff, 0x08, 0x00, 0x00, 0x00, 0x14, 0x00, 0x00, 0x00, 
  0x01, 0x00, 0x00, 0x00, 0xdc, 0xff, 0xff, 0xff, 0xff, 0xff, 0xff, 0xff, 
  0x00, 0x00, 0x00, 0x00, 0x01, 0x00, 0x00, 0x00, 0x13, 0xa5, 0x42, 0x3c, 
  0x2c, 0x00, 0x00, 0x00, 0x73, 0x65, 0x71, 0x75, 0x65, 0x6e, 0x74, 0x69, 
  0x61, 0x6c, 0x5f, 0x31, 0x2f, 0x67, 0x6c, 0x6f, 0x62, 0x61, 0x6c, 0x5f, 
  0x61, 0x76, 0x65, 0x72, 0x61, 0x67, 0x65, 0x5f, 0x70, 0x6f, 0x6f, 0x6c, 
  0x69, 0x6e, 0x67, 0x32, 0x64, 0x5f, 0x31, 0x2f, 0x4d, 0x65, 0x61, 0x6e, 
  0x00, 0x00, 0x00, 0x00, 0x02, 0x00, 0x00, 0x00, 0x01, 0x00, 0x00, 0x00, 
  0x20, 0x00, 0x00, 0x00, 0x7a, 0xe4, 0xff, 0xff, 0x00, 0x00, 0x00, 0x01, 
  0x18, 0x00, 0x00, 0x00, 0x28, 0x00, 0x00, 0x00, 0x48, 0x00, 0x00, 0x00, 
  0x1e, 0x00, 0x00, 0x00, 0x00, 0x00, 0x00, 0x09, 0x78, 0x00, 0x00, 0x00, 
  0x04, 0x00, 0x00, 0x00, 0xff, 0xff, 0xff, 0xff, 0x0a, 0x00, 0x00, 0x00, 
  0x10, 0x00, 0x00, 0x00, 0x20, 0x00, 0x00, 0x00, 0x64, 0xe4, 0xff, 0xff, 
  0x08, 0x00, 0x00, 0x00, 0x14, 0x00, 0x00, 0x00, 0x01, 0x00, 0x00, 0x00, 
  0x91, 0xff, 0xff, 0xff, 0xff, 0xff, 0xff, 0xff, 0x00, 0x00, 0x00, 0x00, 
  0x01, 0x00, 0x00, 0x00, 0x1c, 0x1c, 0xc7, 0x3d, 0x34, 0x00, 0x00, 0x00, 
  0x73, 0x65, 0x71, 0x75, 0x65, 0x6e, 0x74, 0x69, 0x61, 0x6c, 0x5f, 0x31, 
  0x2f, 0x62, 0x61, 0x74, 0x63, 0x68, 0x5f, 0x6e, 0x6f, 0x72, 0x6d, 0x61, 
  0x6c, 0x69, 0x7a, 0x61, 0x74, 0x69, 0x6f, 0x6e, 0x5f, 0x32, 0x5f, 0x31, 
  0x2f, 0x62, 0x61, 0x74, 0x63, 0x68, 0x6e, 0x6f, 0x72, 0x6d, 0x2f, 0x61, 
  0x64, 0x64, 0x5f, 0x31, 0x00, 0x00, 0x00, 0x00, 0x04, 0x00, 0x00, 0x00, 
  0x01, 0x00, 0x00, 0x00, 0x0a, 0x00, 0x00, 0x00, 0x10, 0x00, 0x00, 0x00, 
  0x20, 0x00, 0x00, 0x00, 0x22, 0xe5, 0xff, 0xff, 0x00, 0x00, 0x00, 0x01, 
  0x18, 0x00, 0x00, 0x00, 0x28, 0x00, 0x00, 0x00, 0x48, 0x00, 0x00, 0x00, 
  0x1d, 0x00, 0x00, 0x00, 0x00, 0x00, 0x00, 0x09, 0x78, 0x00, 0x00, 0x00, 
  0x04, 0x00, 0x00, 0x00, 0xff, 0xff, 0xff, 0xff, 0x0a, 0x00, 0x00, 0x00, 
  0x10, 0x00, 0x00, 0x00, 0x20, 0x00, 0x00, 0x00, 0x0c, 0xe5, 0xff, 0xff, 
  0x08, 0x00, 0x00, 0x00, 0x14, 0x00, 0x00, 0x00, 0x01, 0x00, 0x00, 0x00, 
  0x91, 0xff, 0xff, 0xff, 0xff, 0xff, 0xff, 0xff, 0x00, 0x00, 0x00, 0x00, 
  0x01, 0x00, 0x00, 0x00, 0xba, 0x11, 0xcc, 0x3d, 0x34, 0x00, 0x00, 0x00, 
  0x73, 0x65, 0x71, 0x75, 0x65, 0x6e, 0x74, 0x69, 0x61, 0x6c, 0x5f, 0x31, 
  0x2f, 0x62, 0x61, 0x74, 0x63, 0x68, 0x5f, 0x6e, 0x6f, 0x72, 0x6d, 0x61, 
  0x6c, 0x69, 0x7a, 0x61, 0x74, 0x69, 0x6f, 0x6e, 0x5f, 0x32, 0x5f, 0x31, 
  0x2f, 0x62, 0x61, 0x74, 0x63, 0x68, 0x6e, 0x6f, 0x72, 0x6d, 0x2f, 0x6d, 
  0x75, 0x6c, 0x5f, 0x31, 0x00, 0x00, 0x00, 0x00, 0x04, 0x00, 0x00, 0x00, 
  0x01, 0x00, 0x00, 0x00, 0x0a, 0x00, 0x00, 0x00, 0x10, 0x00, 0x00, 0x00, 
  0x20, 0x00, 0x00, 0x00, 0xca, 0xe5, 0xff, 0xff, 0x00, 0x00, 0x00, 0x01, 
  0x18, 0x00, 0x00, 0x00, 0x28, 0x00, 0x00, 0x00, 0x44, 0x00, 0x00, 0x00, 
  0x1c, 0x00, 0x00, 0x00, 0x00, 0x00, 0x00, 0x09, 0xc0, 0x00, 0x00, 0x00, 
  0x04, 0x00, 0x00, 0x00, 0xff, 0xff, 0xff, 0xff, 0x0a, 0x00, 0x00, 0x00, 
  0x10, 0x00, 0x00, 0x00, 0x20, 0x00, 0x00, 0x00, 0xb4, 0xe5, 0xff, 0xff, 
  0x08, 0x00, 0x00, 0x00, 0x10, 0x00, 0x00, 0x00, 0x01, 0x00, 0x00, 0x00, 
  0x80, 0xff, 0xff, 0xff, 0xff, 0xff, 0xff, 0xff, 0x01, 0x00, 0x00, 0x00, 
  0x5c, 0x7a, 0xbe, 0x3d, 0x81, 0x00, 0x00, 0x00, 0x73, 0x65, 0x71, 0x75, 
  0x65, 0x6e, 0x74, 0x69, 0x61, 0x6c, 0x5f, 0x31, 0x2f, 0x63, 0x6f, 0x6e, 
  0x76, 0x32, 0x64, 0x5f, 0x32, 0x5f, 0x31, 0x2f, 0x52, 0x65, 0x6c, 0x75, 
  0x3b, 0x73, 0x65, 0x71, 0x75, 0x65, 0x6e, 0x74, 0x69, 0x61, 0x6c, 0x5f, 
  0x31, 0x2f, 0x63, 0x6f, 0x6e, 0x76, 0x32, 0x64, 0x5f, 0x32, 0x5f, 0x31, 
  0x2f, 0x42, 0x69, 0x61, 0x73, 0x41, 0x64, 0x64, 0x3b, 0x73, 0x65, 0x71, 
  0x75, 0x65, 0x6e, 0x74, 0x69, 0x61, 0x6c, 0x5f, 0x31, 0x2f, 0x63, 0x6f, 
  0x6e, 0x76, 0x32, 0x64, 0x5f, 0x32, 0x5f, 0x31, 0x2f, 0x63, 0x6f, 0x6e, 
  0x76, 0x6f, 0x6c, 0x75, 0x74, 0x69, 0x6f, 0x6e, 0x3b, 0x73, 0x65, 0x71, 
  0x75, 0x65, 0x6e, 0x74, 0x69, 0x61, 0x6c, 0x5f, 0x31, 0x2f, 0x63, 0x6f, 
  0x6e, 0x76, 0x32, 0x64, 0x5f, 0x32, 0x5f, 0x31, 0x2f, 0x53, 0x71, 0x75, 
  0x65, 0x65, 0x7a, 0x65, 0x31, 0x00, 0x00, 0x00, 0x04, 0x00, 0x00, 0x00, 
  0x01, 0x00, 0x00, 0x00, 0x0a, 0x00, 0x00, 0x00, 0x10, 0x00, 0x00, 0x00, 
  0x20, 0x00, 0x00, 0x00, 0xba, 0xe6, 0xff, 0xff, 0x00, 0x00, 0x00, 0x01, 
  0x18, 0x00, 0x00, 0x00, 0x28, 0x00, 0x00, 0x00, 0x44, 0x00, 0x00, 0x00, 
  0x1b, 0x00, 0x00, 0x00, 0x00, 0x00, 0x00, 0x09, 0x68, 0x00, 0x00, 0x00, 
  0x04, 0x00, 0x00, 0x00, 0xff, 0xff, 0xff, 0xff, 0x0a, 0x00, 0x00, 0x00, 
  0x10, 0x00, 0x00, 0x00, 0x20, 0x00, 0x00, 0x00, 0xa4, 0xe6, 0xff, 0xff, 
  0x08, 0x00, 0x00, 0x00, 0x10, 0x00, 0x00, 0x00, 0x01, 0x00, 0x00, 0x00, 
  0x95, 0xff, 0xff, 0xff, 0xff, 0xff, 0xff, 0xff, 0x01, 0x00, 0x00, 0x00, 
  0xc6, 0x66, 0x93, 0x3d, 0x28, 0x00, 0x00, 0x00, 0x73, 0x65, 0x71, 0x75, 
  0x65, 0x6e, 0x74, 0x69, 0x61, 0x6c, 0x5f, 0x31, 0x2f, 0x6d, 0x61, 0x78, 
  0x5f, 0x70, 0x6f, 0x6f, 0x6c, 0x69, 0x6e, 0x67, 0x32, 0x64, 0x5f, 0x31, 
  0x5f, 0x32, 0x2f, 0x4d, 0x61, 0x78, 0x50, 0x6f, 0x6f, 0x6c, 0x32, 0x64, 
  0x00, 0x00, 0x00, 0x00, 0x04, 0x00, 0x00, 0x00, 0x01, 0x00, 0x00, 0x00, 
  0x0a, 0x00, 0x00, 0x00, 0x10, 0x00, 0x00, 0x00, 0x20, 0x00, 0x00, 0x00, 
  0x52, 0xe7, 0xff, 0xff, 0x00, 0x00, 0x00, 0x01, 0x18, 0x00, 0x00, 0x00, 
  0x28, 0x00, 0x00, 0x00, 0x48, 0x00, 0x00, 0x00, 0x1a, 0x00, 0x00, 0x00, 
  0x00, 0x00, 0x00, 0x09, 0x78, 0x00, 0x00, 0x00, 0x04, 0x00, 0x00, 0x00, 
  0xff, 0xff, 0xff, 0xff, 0x14, 0x00, 0x00, 0x00, 0x20, 0x00, 0x00, 0x00, 
  0x20, 0x00, 0x00, 0x00, 0x3c, 0xe7, 0xff, 0xff, 0x08, 0x00, 0x00, 0x00, 
  0x14, 0x00, 0x00, 0x00, 0x01, 0x00, 0x00, 0x00, 0x95, 0xff, 0xff, 0xff, 
  0xff, 0xff, 0xff, 0xff, 0x00, 0x00, 0x00, 0x00, 0x01, 0x00, 0x00, 0x00, 
  0xc6, 0x66, 0x93, 0x3d, 0x34, 0x00, 0x00, 0x00, 0x73, 0x65, 0x71, 0x75, 
  0x65, 0x6e, 0x74, 0x69, 0x61, 0x6c, 0x5f, 0x31, 0x2f, 0x62, 0x61, 0x74, 
  0x63, 0x68, 0x5f, 0x6e, 0x6f, 0x72, 0x6d, 0x61, 0x6c, 0x69, 0x7a, 0x61, 
  0x74, 0x69, 0x6f, 0x6e, 0x5f, 0x31, 0x5f, 0x32, 0x2f, 0x62, 0x61, 0x74, 
  0x63, 0x68, 0x6e, 0x6f, 0x72, 0x6d, 0x2f, 0x61, 0x64, 0x64, 0x5f, 0x31, 
  0x00, 0x00, 0x00, 0x00, 0x04, 0x00, 0x00, 0x00, 0x01, 0x00, 0x00, 0x00, 
  0x14, 0x00, 0x00, 0x00, 0x20, 0x00, 0x00, 0x00, 0x20, 0x00, 0x00, 0x00, 
  0xfa, 0xe7, 0xff, 0xff, 0x00, 0x00, 0x00, 0x01, 0x18, 0x00, 0x00, 0x00, 
  0x28, 0x00, 0x00, 0x00, 0x48, 0x00, 0x00, 0x00, 0x19, 0x00, 0x00, 0x00, 
  0x00, 0x00, 0x00, 0x09, 0x78, 0x00, 0x00, 0x00, 0x04, 0x00, 0x00, 0x00, 
  0xff, 0xff, 0xff, 0xff, 0x14, 0x00, 0x00, 0x00, 0x20, 0x00, 0x00, 0x00, 
  0x20, 0x00, 0x00, 0x00, 0xe4, 0xe7, 0xff, 0xff, 0x08, 0x00, 0x00, 0x00, 
  0x14, 0x00, 0x00, 0x00, 0x01, 0x00, 0x00, 0x00, 0x95, 0xff, 0xff, 0xff, 
  0xff, 0xff, 0xff, 0xff, 0x00, 0x00, 0x00, 0x00, 0x01, 0x00, 0x00, 0x00, 
  0xf6, 0x7d, 0x94, 0x3d, 0x34, 0x00, 0x00, 0x00, 0x73, 0x65, 0x71, 0x75, 
  0x65, 0x6e, 0x74, 0x69, 0x61, 0x6c, 0x5f, 0x31, 0x2f, 0x62, 0x61, 0x74, 
  0x63, 0x68, 0x5f, 0x6e, 0x6f, 0x72, 0x6d, 0x61, 0x6c, 0x69, 0x7a, 0x61, 
  0x74, 0x69, 0x6f, 0x6e, 0x5f, 0x31, 0x5f, 0x32, 0x2f, 0x62, 0x61, 0x74, 
  0x63, 0x68, 0x6e, 0x6f, 0x72, 0x6d, 0x2f, 0x6d, 0x75, 0x6c, 0x5f, 0x31, 
  0x00, 0x00, 0x00, 0x00, 0x04, 0x00, 0x00, 0x00, 0x01, 0x00, 0x00, 0x00, 
  0x14, 0x00, 0x00, 0x00, 0x20, 0x00, 0x00, 0x00, 0x20, 0x00, 0x00, 0x00, 
  0xa2, 0xe8, 0xff, 0xff, 0x00, 0x00, 0x00, 0x01, 0x18, 0x00, 0x00, 0x00, 
  0x28, 0x00, 0x00, 0x00, 0x44, 0x00, 0x00, 0x00, 0x18, 0x00, 0x00, 0x00, 
  0x00, 0x00, 0x00, 0x09, 0xc0, 0x00, 0x00, 0x00, 0x04, 0x00, 0x00, 0x00, 
  0xff, 0xff, 0xff, 0xff, 0x14, 0x00, 0x00, 0x00, 0x20, 0x00, 0x00, 0x00, 
  0x20, 0x00, 0x00, 0x00, 0x8c, 0xe8, 0xff, 0xff, 0x08, 0x00, 0x00, 0x00, 
  0x10, 0x00, 0x00, 0x00, 0x01, 0x00, 0x00, 0x00, 0x80, 0xff, 0xff, 0xff, 
  0xff, 0xff, 0xff, 0xff, 0x01, 0x00, 0x00, 0x00, 0x5c, 0x23, 0x88, 0x3d, 
  0x81, 0x00, 0x00, 0x00, 0x73, 0x65, 0x71, 0x75, 0x65, 0x6e, 0x74, 0x69, 
  0x61, 0x6c, 0x5f, 0x31, 0x2f, 0x63, 0x6f, 0x6e, 0x76, 0x32, 0x64, 0x5f, 
  0x31, 0x5f, 0x32, 0x2f, 0x52, 0x65, 0x6c, 0x75, 0x3b, 0x73, 0x65, 0x71, 
  0x75, 0x65, 0x6e, 0x74, 0x69, 0x61, 0x6c, 0x5f, 0x31, 0x2f, 0x63, 0x6f, 
  0x6e, 0x76, 0x32, 0x64, 0x5f, 0x31, 0x5f, 0x32, 0x2f, 0x42, 0x69, 0x61, 
  0x73, 0x41, 0x64, 0x64, 0x3b, 0x73, 0x65, 0x71, 0x75, 0x65, 0x6e, 0x74, 
  0x69, 0x61, 0x6c, 0x5f, 0x31, 0x2f, 0x63, 0x6f, 0x6e, 0x76, 0x32, 0x64, 
  0x5f, 0x31, 0x5f, 0x32, 0x2f, 0x63, 0x6f, 0x6e, 0x76, 0x6f, 0x6c, 0x75, 
  0x74, 0x69, 0x6f, 0x6e, 0x3b, 0x73, 0x65, 0x71, 0x75, 0x65, 0x6e, 0x74, 
  0x69, 0x61, 0x6c, 0x5f, 0x31, 0x2f, 0x63, 0x6f, 0x6e, 0x76, 0x32, 0x64, 
  0x5f, 0x31, 0x5f, 0x32, 0x2f, 0x53, 0x71, 0x75, 0x65, 0x65, 0x7a, 0x65, 
  0x31, 0x00, 0x00, 0x00, 0x04, 0x00, 0x00, 0x00, 0x01, 0x00, 0x00, 0x00, 
  0x14, 0x00, 0x00, 0x00, 0x20, 0x00, 0x00, 0x00, 0x20, 0x00, 0x00, 0x00, 
  0x92, 0xe9, 0xff, 0xff, 0x00, 0x00, 0x00, 0x01, 0x18, 0x00, 0x00, 0x00, 
  0x28, 0x00, 0x00, 0x00, 0x48, 0x00, 0x00, 0x00, 0x17, 0x00, 0x00, 0x00, 
  0x00, 0x00, 0x00, 0x09, 0xe0, 0x00, 0x00, 0x00, 0x04, 0x00, 0x00, 0x00, 
  0xff, 0xff, 0xff, 0xff, 0x14, 0x00, 0x00, 0x00, 0x20, 0x00, 0x00, 0x00, 
  0x10, 0x00, 0x00, 0x00, 0x7c, 0xe9, 0xff, 0xff, 0x08, 0x00, 0x00, 0x00, 
  0x14, 0x00, 0x00, 0x00, 0x01, 0x00, 0x00, 0x00, 0x80, 0xff, 0xff, 0xff, 
  0xff, 0xff, 0xff, 0xff, 0x00, 0x00, 0x00, 0x00, 0x01, 0x00, 0x00, 0x00, 
  0x89, 0x2a, 0x9d, 0x3c, 0x9f, 0x00, 0x00, 0x00, 0x73, 0x65, 0x71, 0x75, 
  0x65, 0x6e, 0x74, 0x69, 0x61, 0x6c, 0x5f, 0x31, 0x2f, 0x64, 0x65, 0x70, 
  0x74, 0x68, 0x77, 0x69, 0x73, 0x65, 0x5f, 0x63, 0x6f, 0x6e, 0x76, 0x32, 
  0x64, 0x5f, 0x31, 0x2f, 0x52, 0x65, 0x6c, 0x75, 0x3b, 0x73, 0x65, 0x71, 
  0x75, 0x65, 0x6e, 0x74, 0x69, 0x61, 0x6c, 0x5f, 0x31, 0x2f, 0x64, 0x65, 
  0x70, 0x74, 0x68, 0x77, 0x69, 0x73, 0x65, 0x5f, 0x63, 0x6f, 0x6e, 0x76, 
  0x32, 0x64, 0x5f, 0x31, 0x2f, 0x42, 0x69, 0x61, 0x73, 0x41, 0x64, 0x64, 
  0x3b, 0x73, 0x65, 0x71, 0x75, 0x65, 0x6e, 0x74, 0x69, 0x61, 0x6c, 0x5f, 
  0x31, 0x2f, 0x64, 0x65, 0x70, 0x74, 0x68, 0x77, 0x69, 0x73, 0x65, 0x5f, 
  0x63, 0x6f, 0x6e, 0x76, 0x32, 0x64, 0x5f, 0x31, 0x2f, 0x64, 0x65, 0x70, 
  0x74, 0x68, 0x77, 0x69, 0x73, 0x65, 0x3b, 0x73, 0x65, 0x71, 0x75, 0x65, 
  0x6e, 0x74, 0x69, 0x61, 0x6c, 0x5f, 0x31, 0x2f, 0x64, 0x65, 0x70, 0x74, 
  0x68, 0x77, 0x69, 0x73, 0x65, 0x5f, 0x63, 0x6f, 0x6e, 0x76, 0x32, 0x64, 
  0x5f, 0x31, 0x2f, 0x53, 0x71, 0x75, 0x65, 0x65, 0x7a, 0x65, 0x31, 0x00, 
  0x04, 0x00, 0x00, 0x00, 0x01, 0x00, 0x00, 0x00, 0x14, 0x00, 0x00, 0x00, 
  0x20, 0x00, 0x00, 0x00, 0x10, 0x00, 0x00, 0x00, 0xa2, 0xea, 0xff, 0xff, 
  0x00, 0x00, 0x00, 0x01, 0x18, 0x00, 0x00, 0x00, 0x28, 0x00, 0x00, 0x00, 
  0x48, 0x00, 0x00, 0x00, 0x16, 0x00, 0x00, 0x00, 0x00, 0x00, 0x00, 0x09, 
  0x68, 0x00, 0x00, 0x00, 0x04, 0x00, 0x00, 0x00, 0xff, 0xff, 0xff, 0xff, 
  0x14, 0x00, 0x00, 0x00, 0x20, 0x00, 0x00, 0x00, 0x10, 0x00, 0x00, 0x00, 
  0x8c, 0xea, 0xff, 0xff, 0x08, 0x00, 0x00, 0x00, 0x14, 0x00, 0x00, 0x00, 
  0x01, 0x00, 0x00, 0x00, 0x94, 0xff, 0xff, 0xff, 0xff, 0xff, 0xff, 0xff, 
  0x00, 0x00, 0x00, 0x00, 0x01, 0x00, 0x00, 0x00, 0x25, 0xd5, 0x3c, 0x3d, 
  0x26, 0x00, 0x00, 0x00, 0x73, 0x65, 0x71, 0x75, 0x65, 0x6e, 0x74, 0x69, 
  0x61, 0x6c, 0x5f, 0x31, 0x2f, 0x6d, 0x61, 0x78, 0x5f, 0x70, 0x6f, 0x6f, 
  0x6c, 0x69, 0x6e, 0x67, 0x32, 0x64, 0x5f, 0x31, 0x2f, 0x4d, 0x61, 0x78, 
  0x50, 0x6f, 0x6f, 0x6c, 0x32, 0x64, 0x00, 0x00, 0x04, 0x00, 0x00, 0x00, 
  0x01, 0x00, 0x00, 0x00, 0x14, 0x00, 0x00, 0x00, 0x20, 0x00, 0x00, 0x00, 
  0x10, 0x00, 0x00, 0x00, 0x3a, 0xeb, 0xff, 0xff, 0x00, 0x00, 0x00, 0x01, 
  0x18, 0x00, 0x00, 0x00, 0x28, 0x00, 0x00, 0x00, 0x44, 0x00, 0x00, 0x00, 
  0x15, 0x00, 0x00, 0x00, 0x00, 0x00, 0x00, 0x09, 0x70, 0x00, 0x00, 0x00, 
  0x04, 0x00, 0x00, 0x00, 0xff, 0xff, 0xff, 0xff, 0x28, 0x00, 0x00, 0x00, 
  0x40, 0x00, 0x00, 0x00, 0x10, 0x00, 0x00, 0x00, 0x24, 0xeb, 0xff, 0xff, 
  0x08, 0x00, 0x00, 0x00, 0x10, 0x00, 0x00, 0x00, 0x01, 0x00, 0x00, 0x00, 
  0x94, 0xff, 0xff, 0xff, 0xff, 0xff, 0xff, 0xff, 0x01, 0x00, 0x00, 0x00, 
  0x25, 0xd5, 0x3c, 0x3d, 0x32, 0x00, 0x00, 0x00, 0x73, 0x65, 0x71, 0x75, 
  0x65, 0x6e, 0x74, 0x69, 0x61, 0x6c, 0x5f, 0x31, 0x2f, 0x62, 0x61, 0x74, 
  0x63, 0x68, 0x5f, 0x6e, 0x6f, 0x72, 0x6d, 0x61, 0x6c, 0x69, 0x7a, 0x61, 
  0x74, 0x69, 0x6f, 0x6e, 0x5f, 0x31, 0x2f, 0x62, 0x61, 0x74, 0x63, 0x68, 
  0x6e, 0x6f, 0x72, 0x6d, 0x2f, 0x61, 0x64, 0x64, 0x5f, 0x31, 0x00, 0x00, 
  0x04, 0x00, 0x00, 0x00, 0x01, 0x00, 0x00, 0x00, 0x28, 0x00, 0x00, 0x00, 
  0x40, 0x00, 0x00, 0x00, 0x10, 0x00, 0x00, 0x00, 0xda, 0xeb, 0xff, 0xff, 
  0x00, 0x00, 0x00, 0x01, 0x18, 0x00, 0x00, 0x00, 0x28, 0x00, 0x00, 0x00, 
  0x44, 0x00, 0x00, 0x00, 0x14, 0x00, 0x00, 0x00, 0x00, 0x00, 0x00, 0x09, 
  0x70, 0x00, 0x00, 0x00, 0x04, 0x00, 0x00, 0x00, 0xff, 0xff, 0xff, 0xff, 
  0x28, 0x00, 0x00, 0x00, 0x40, 0x00, 0x00, 0x00, 0x10, 0x00, 0x00, 0x00, 
  0xc4, 0xeb, 0xff, 0xff, 0x08, 0x00, 0x00, 0x00, 0x10, 0x00, 0x00, 0x00, 
  0x01, 0x00, 0x00, 0x00, 0x93, 0xff, 0xff, 0xff, 0xff, 0xff, 0xff, 0xff, 
  0x01, 0x00, 0x00, 0x00, 0xd4, 0x6d, 0x45, 0x3d, 0x32, 0x00, 0x00, 0x00, 
  0x73, 0x65, 0x71, 0x75, 0x65, 0x6e, 0x74, 0x69, 0x61, 0x6c, 0x5f, 0x31, 
  0x2f, 0x62, 0x61, 0x74, 0x63, 0x68, 0x5f, 0x6e, 0x6f, 0x72, 0x6d, 0x61, 
  0x6c, 0x69, 0x7a, 0x61, 0x74, 0x69, 0x6f, 0x6e, 0x5f, 0x31, 0x2f, 0x62, 
  0x61, 0x74, 0x63, 0x68, 0x6e, 0x6f, 0x72, 0x6d, 0x2f, 0x6d, 0x75, 0x6c, 
  0x5f, 0x31, 0x00, 0x00, 0x04, 0x00, 0x00, 0x00, 0x01, 0x00, 0x00, 0x00, 
  0x28, 0x00, 0x00, 0x00, 0x40, 0x00, 0x00, 0x00, 0x10, 0x00, 0x00, 0x00, 
  0x7a, 0xec, 0xff, 0xff, 0x00, 0x00, 0x00, 0x01, 0x18, 0x00, 0x00, 0x00, 
  0x28, 0x00, 0x00, 0x00, 0x44, 0x00, 0x00, 0x00, 0x13, 0x00, 0x00, 0x00, 
  0x00, 0x00, 0x00, 0x09, 0xb8, 0x00, 0x00, 0x00, 0x04, 0x00, 0x00, 0x00, 
  0xff, 0xff, 0xff, 0xff, 0x28, 0x00, 0x00, 0x00, 0x40, 0x00, 0x00, 0x00, 
  0x10, 0x00, 0x00, 0x00, 0x64, 0xec, 0xff, 0xff, 0x08, 0x00, 0x00, 0x00, 
  0x10, 0x00, 0x00, 0x00, 0x01, 0x00, 0x00, 0x00, 0x80, 0xff, 0xff, 0xff, 
  0xff, 0xff, 0xff, 0xff, 0x01, 0x00, 0x00, 0x00, 0xbd, 0xd4, 0x36, 0x3d, 
  0x79, 0x00, 0x00, 0x00, 0x73, 0x65, 0x71, 0x75, 0x65, 0x6e, 0x74, 0x69, 
  0x61, 0x6c, 0x5f, 0x31, 0x2f, 0x63, 0x6f, 0x6e, 0x76, 0x32, 0x64, 0x5f, 
  0x31, 0x2f, 0x52, 0x65, 0x6c, 0x75, 0x3b, 0x73, 0x65, 0x71, 0x75, 0x65, 
  0x6e, 0x74, 0x69, 0x61, 0x6c, 0x5f, 0x31, 0x2f, 0x63, 0x6f, 0x6e, 0x76, 
  0x32, 0x64, 0x5f, 0x31, 0x2f, 0x42, 0x69, 0x61, 0x73, 0x41, 0x64, 0x64, 
  0x3b, 0x73, 0x65, 0x71, 0x75, 0x65, 0x6e, 0x74, 0x69, 0x61, 0x6c, 0x5f, 
  0x31, 0x2f, 0x63, 0x6f, 0x6e, 0x76, 0x32, 0x64, 0x5f, 0x31, 0x2f, 0x63, 
  0x6f, 0x6e, 0x76, 0x6f, 0x6c, 0x75, 0x74, 0x69, 0x6f, 0x6e, 0x3b, 0x73, 
  0x65, 0x71, 0x75, 0x65, 0x6e, 0x74, 0x69, 0x61, 0x6c, 0x5f, 0x31, 0x2f, 
  0x63, 0x6f, 0x6e, 0x76, 0x32, 0x64, 0x5f, 0x31, 0x2f, 0x53, 0x71, 0x75, 
  0x65, 0x65, 0x7a, 0x65, 0x31, 0x00, 0x00, 0x00, 0x04, 0x00, 0x00, 0x00, 
  0x01, 0x00, 0x00, 0x00, 0x28, 0x00, 0x00, 0x00, 0x40, 0x00, 0x00, 0x00, 
  0x10, 0x00, 0x00, 0x00, 0xea, 0xed, 0xff, 0xff, 0x00, 0x00, 0x00, 0x01, 
  0x14, 0x00, 0x00, 0x00, 0xe8, 0x00, 0x00, 0x00, 0x12, 0x00, 0x00, 0x00, 
  0x00, 0x00, 0x00, 0x09, 0x04, 0x01, 0x00, 0x00, 0x34, 0xed, 0xff, 0xff, 
  0x08, 0x00, 0x00, 0x00, 0x8c, 0x00, 0x00, 0x00, 0x10, 0x00, 0x00, 0x00, 
  0x00, 0x00, 0x00, 0x00, 0x00, 0x00, 0x00, 0x00, 0x00, 0x00, 0x00, 0x00, 
  0x00, 0x00, 0x00, 0x00, 0x00, 0x00, 0x00, 0x00, 0x00, 0x00, 0x00, 0x00, 
  0x00, 0x00, 0x00, 0x00, 0x00, 0x00, 0x00, 0x00, 0x00, 0x00, 0x00, 0x00, 
  0x00, 0x00, 0x00, 0x00, 0x00, 0x00, 0x00, 0x00, 0x00, 0x00, 0x00, 0x00, 
  0x00, 0x00, 0x00, 0x00, 0x00, 0x00, 0x00, 0x00, 0x00, 0x00, 0x00, 0x00, 
  0x00, 0x00, 0x00, 0x00, 0x00, 0x00, 0x00, 0x00, 0x00, 0x00, 0x00, 0x00, 
  0x00, 0x00, 0x00, 0x00, 0x00, 0x00, 0x00, 0x00, 0x00, 0x00, 0x00, 0x00, 
  0x00, 0x00, 0x00, 0x00, 0x00, 0x00, 0x00, 0x00, 0x00, 0x00, 0x00, 0x00, 
  0x00, 0x00, 0x00, 0x00, 0x00, 0x00, 0x00, 0x00, 0x00, 0x00, 0x00, 0x00, 
  0x00, 0x00, 0x00, 0x00, 0x00, 0x00, 0x00, 0x00, 0x00, 0x00, 0x00, 0x00, 
  0x00, 0x00, 0x00, 0x00, 0x00, 0x00, 0x00, 0x00, 0x00, 0x00, 0x00, 0x00, 
  0x10, 0x00, 0x00, 0x00, 0x57, 0x8b, 0xc2, 0x3a, 0x87, 0x41, 0xc3, 0x3a, 
  0x1f, 0x97, 0xce, 0x3a, 0x0e, 0x0a, 0x10, 0x3b, 0x88, 0xa2, 0xed, 0x3a, 
  0xf0, 0x01, 0xed, 0x3a, 0x39, 0x88, 0x02, 0x3b, 0xe1, 0xb6, 0xb2, 0x3a, 
  0xba, 0x56, 0x99, 0x3a, 0x00, 0x04, 0xf4, 0x3a, 0xf4, 0x87, 0x07, 0x3b, 
  0xe0, 0x40, 0xb6, 0x3a, 0xbe, 0x77, 0xb7, 0x3a, 0x19, 0xc5, 0xda, 0x3a, 
  0x22, 0xb0, 0xe8, 0x3a, 0x23, 0x08, 0x03, 0x3b, 0x21, 0x00, 0x00, 0x00, 
  0x73, 0x65, 0x71, 0x75, 0x65, 0x6e, 0x74, 0x69, 0x61, 0x6c, 0x5f, 0x31, 
  0x2f, 0x63, 0x6f, 0x6e, 0x76, 0x32, 0x64, 0x5f, 0x31, 0x2f, 0x63, 0x6f, 
  0x6e, 0x76, 0x6f, 0x6c, 0x75, 0x74, 0x69, 0x6f, 0x6e, 0x00, 0x00, 0x00, 
  0x04, 0x00, 0x00, 0x00, 0x10, 0x00, 0x00, 0x00, 0x03, 0x00, 0x00, 0x00, 
  0x03, 0x00, 0x00, 0x00, 0x01, 0x00, 0x00, 0x00, 0x1a, 0xef, 0xff, 0xff, 
  0x00, 0x00, 0x00, 0x01, 0x14, 0x00, 0x00, 0x00, 0xe4, 0x00, 0x00, 0x00, 
  0x11, 0x00, 0x00, 0x00, 0x00, 0x00, 0x00, 0x02, 0x58, 0x01, 0x00, 0x00, 
  0x64, 0xee, 0xff, 0xff, 0x08, 0x00, 0x00, 0x00, 0x88, 0x00, 0x00, 0x00, 
  0x10, 0x00, 0x00, 0x00, 0x00, 0x00, 0x00, 0x00, 0x00, 0x00, 0x00, 0x00, 
  0x00, 0x00, 0x00, 0x00, 0x00, 0x00, 0x00, 0x00, 0x00, 0x00, 0x00, 0x00, 
  0x00, 0x00, 0x00, 0x00, 0x00, 0x00, 0x00, 0x00, 0x00, 0x00, 0x00, 0x00, 
  0x00, 0x00, 0x00, 0x00, 0x00, 0x00, 0x00, 0x00, 0x00, 0x00, 0x00, 0x00, 
  0x00, 0x00, 0x00, 0x00, 0x00, 0x00, 0x00, 0x00, 0x00, 0x00, 0x00, 0x00, 
  0x00, 0x00, 0x00, 0x00, 0x00, 0x00, 0x00, 0x00, 0x00, 0x00, 0x00, 0x00, 
  0x00, 0x00, 0x00, 0x00, 0x00, 0x00, 0x00, 0x00, 0x00, 0x00, 0x00, 0x00, 
  0x00, 0x00, 0x00, 0x00, 0x00, 0x00, 0x00, 0x00, 0x00, 0x00, 0x00, 0x00, 
  0x00, 0x00, 0x00, 0x00, 0x00, 0x00, 0x00, 0x00, 0x00, 0x00, 0x00, 0x00, 
  0x00, 0x00, 0x00, 0x00, 0x00, 0x00, 0x00, 0x00, 0x00, 0x00, 0x00, 0x00, 
  0x00, 0x00, 0x00, 0x00, 0x00, 0x00, 0x00, 0x00, 0x00, 0x00, 0x00, 0x00, 
  0x10, 0x00, 0x00, 0x00, 0xf2, 0x30, 0x5f, 0x38, 0xf5, 0x01, 0x60, 0x38, 
  0xd1, 0x02, 0x6d, 0x38, 0xce, 0x3f, 0xa5, 0x38, 0x3f, 0x50, 0x88, 0x38, 
  0x20, 0xf4, 0x87, 0x38, 0xce, 0xc0, 0x95, 0x38, 0xc1, 0x07, 0x4d, 0x38, 
  0x09, 0xeb, 0x2f, 0x38, 0x3f, 0xf9, 0x8b, 0x38, 0xfa, 0x7c, 0x9b, 0x38, 
  0x28, 0x17, 0x51, 0x38, 0xcd, 0x7b, 0x52, 0x38, 0xeb, 0xfb, 0x7a, 0x38, 
  0xcf, 0x79, 0x85, 0x38, 0x8d, 0x53, 0x96, 0x38, 0x78, 0x00, 0x00, 0x00, 
  0x73, 0x65, 0x71, 0x75, 0x65, 0x6e, 0x74, 0x69, 0x61, 0x6c, 0x5f, 0x31, 
  0x2f, 0x63, 0x6f, 0x6e, 0x76, 0x32, 0x64, 0x5f, 0x31, 0x2f, 0x52, 0x65, 
  0x6c, 0x75, 0x3b, 0x73, 0x65, 0x71, 0x75, 0x65, 0x6e, 0x74, 0x69, 0x61, 
  0x6c, 0x5f, 0x31, 0x2f, 0x63, 0x6f, 0x6e, 0x76, 0x32, 0x64, 0x5f, 0x31, 
  0x2f, 0x42, 0x69, 0x61, 0x73, 0x41, 0x64, 0x64, 0x3b, 0x73, 0x65, 0x71, 
  0x75, 0x65, 0x6e, 0x74, 0x69, 0x61, 0x6c, 0x5f, 0x31, 0x2f, 0x63, 0x6f, 
  0x6e, 0x76, 0x32, 0x64, 0x5f, 0x31, 0x2f, 0x63, 0x6f, 0x6e, 0x76, 0x6f, 
  0x6c, 0x75, 0x74, 0x69, 0x6f, 0x6e, 0x3b, 0x73, 0x65, 0x71, 0x75, 0x65, 
  0x6e, 0x74, 0x69, 0x61, 0x6c, 0x5f, 0x31, 0x2f, 0x63, 0x6f, 0x6e, 0x76, 
  0x32, 0x64, 0x5f, 0x31, 0x2f, 0x53, 0x71, 0x75, 0x65, 0x65, 0x7a, 0x65, 
  0x00, 0x00, 0x00, 0x00, 0x01, 0x00, 0x00, 0x00, 0x10, 0x00, 0x00, 0x00, 
  0x92, 0xf0, 0xff, 0xff, 0x00, 0x00, 0x00, 0x01, 0x14, 0x00, 0x00, 0x00, 
  0x34, 0x00, 0x00, 0x00, 0x10, 0x00, 0x00, 0x00, 0x00, 0x00, 0x00, 0x09, 
  0x60, 0x00, 0x00, 0x00, 0xdc, 0xef, 0xff, 0xff, 0x08, 0x00, 0x00, 0x00, 
  0x14, 0x00, 0x00, 0x00, 0x01, 0x00, 0x00, 0x00, 0x80, 0xff, 0xff, 0xff, 
  0xff, 0xff, 0xff, 0xff, 0x00, 0x00, 0x00, 0x00, 0x01, 0x00, 0x00, 0x00, 
  0xb1, 0x32, 0x18, 0x3d, 0x30, 0x00, 0x00, 0x00, 0x73, 0x65, 0x71, 0x75, 
  0x65, 0x6e, 0x74, 0x69, 0x61, 0x6c, 0x5f, 0x31, 0x2f, 0x62, 0x61, 0x74, 
  0x63, 0x68, 0x5f, 0x6e, 0x6f, 0x72, 0x6d, 0x61, 0x6c, 0x69, 0x7a, 0x61, 
  0x74, 0x69, 0x6f, 0x6e, 0x5f, 0x31, 0x2f, 0x62, 0x61, 0x74, 0x63, 0x68, 
  0x6e, 0x6f, 0x72, 0x6d, 0x2f, 0x6d, 0x75, 0x6c, 0x00, 0x00, 0x00, 0x00, 
  0x01, 0x00, 0x00, 0x00, 0x10, 0x00, 0x00, 0x00, 0x12, 0xf1, 0xff, 0xff, 
  0x00, 0x00, 0x00, 0x01, 0x14, 0x00, 0x00, 0x00, 0x34, 0x00, 0x00, 0x00, 
  0x0f, 0x00, 0x00, 0x00, 0x00, 0x00, 0x00, 0x09, 0x60, 0x00, 0x00, 0x00, 
  0x5c, 0xf0, 0xff, 0xff, 0x08, 0x00, 0x00, 0x00, 0x14, 0x00, 0x00, 0x00, 
  0x01, 0x00, 0x00, 0x00, 0x7f, 0x00, 0x00, 0x00, 0x00, 0x00, 0x00, 0x00, 
  0x00, 0x00, 0x00, 0x00, 0x01, 0x00, 0x00, 0x00, 0x79, 0x91, 0x69, 0x3b, 
  0x30, 0x00, 0x00, 0x00, 0x73, 0x65, 0x71, 0x75, 0x65, 0x6e, 0x74, 0x69, 
  0x61, 0x6c, 0x5f, 0x31, 0x2f, 0x62, 0x61, 0x74, 0x63, 0x68, 0x5f, 0x6e, 
  0x6f, 0x72, 0x6d, 0x61, 0x6c, 0x69, 0x7a, 0x61, 0x74, 0x69, 0x6f, 0x6e, 
  0x5f, 0x31, 0x2f, 0x62, 0x61, 0x74, 0x63, 0x68, 0x6e, 0x6f, 0x72, 0x6d, 
  0x2f, 0x73, 0x75, 0x62, 0x00, 0x00, 0x00, 0x00, 0x01, 0x00, 0x00, 0x00, 
  0x10, 0x00, 0x00, 0x00, 0x00, 0x00, 0x16, 0x00, 0x1e, 0x00, 0x18, 0x00, 
  0x17, 0x00, 0x10, 0x00, 0x0c, 0x00, 0x08, 0x00, 0x00, 0x00, 0x00, 0x00, 
  0x00, 0x00, 0x07, 0x00, 0x16, 0x00, 0x00, 0x00, 0x00, 0x00, 0x00, 0x01, 
  0x28, 0x00, 0x00, 0x00, 0x00, 0x01, 0x00, 0x00, 0x0e, 0x00, 0x00, 0x00, 
  0x00, 0x00, 0x00, 0x09, 0x24, 0x01, 0x00, 0x00, 0x00, 0x00, 0x12, 0x00, 
  0x10, 0x00, 0x00, 0x00, 0x00, 0x00, 0x0c, 0x00, 0x08, 0x00, 0x00, 0x00, 
  0x00, 0x00, 0x04, 0x00, 0x12, 0x00, 0x00, 0x00, 0x03, 0x00, 0x00, 0x00, 
  0x08, 0x00, 0x00, 0x00, 0x8c, 0x00, 0x00, 0x00, 0x10, 0x00, 0x00, 0x00, 
  0x00, 0x00, 0x00, 0x00, 0x00, 0x00, 0x00, 0x00, 0x00, 0x00, 0x00, 0x00, 
  0x00, 0x00, 0x00, 0x00, 0x00, 0x00, 0x00, 0x00, 0x00, 0x00, 0x00, 0x00, 
  0x00, 0x00, 0x00, 0x00, 0x00, 0x00, 0x00, 0x00, 0x00, 0x00, 0x00, 0x00, 
  0x00, 0x00, 0x00, 0x00, 0x00, 0x00, 0x00, 0x00, 0x00, 0x00, 0x00, 0x00, 
  0x00, 0x00, 0x00, 0x00, 0x00, 0x00, 0x00, 0x00, 0x00, 0x00, 0x00, 0x00, 
  0x00, 0x00, 0x00, 0x00, 0x00, 0x00, 0x00, 0x00, 0x00, 0x00, 0x00, 0x00, 
  0x00, 0x00, 0x00, 0x00, 0x00, 0x00, 0x00, 0x00, 0x00, 0x00, 0x00, 0x00, 
  0x00, 0x00, 0x00, 0x00, 0x00, 0x00, 0x00, 0x00, 0x00, 0x00, 0x00, 0x00, 
  0x00, 0x00, 0x00, 0x00, 0x00, 0x00, 0x00, 0x00, 0x00, 0x00, 0x00, 0x00, 
  0x00, 0x00, 0x00, 0x00, 0x00, 0x00, 0x00, 0x00, 0x00, 0x00, 0x00, 0x00, 
  0x00, 0x00, 0x00, 0x00, 0x00, 0x00, 0x00, 0x00, 0x00, 0x00, 0x00, 0x00, 
  0x10, 0x00, 0x00, 0x00, 0x75, 0x69, 0x24, 0x3b, 0x4e, 0x8e, 0x8c, 0x3a, 
  0x14, 0x06, 0xbf, 0x3a, 0x07, 0x4a, 0xba, 0x3a, 0x62, 0x50, 0xab, 0x3a, 
  0xd6, 0xad, 0xd3, 0x3a, 0xee, 0x84, 0xe3, 0x3a, 0x96, 0x97, 0xc9, 0x3a, 
  0x6e, 0xcf, 0xc5, 0x3a, 0xae, 0x61, 0xd2, 0x3a, 0x07, 0x66, 0xb0, 0x3a, 
  0x64, 0x5b, 0xaf, 0x3a, 0x9f, 0x58, 0xd9, 0x3a, 0xc6, 0x63, 0xce, 0x3a, 
  0x82, 0x97, 0xe1, 0x3a, 0xa4, 0x6e, 0x00, 0x3b, 0x29, 0x00, 0x00, 0x00, 
  0x73, 0x65, 0x71, 0x75, 0x65, 0x6e, 0x74, 0x69, 0x61, 0x6c, 0x5f, 0x31, 
  0x2f, 0x64, 0x65, 0x70, 0x74, 0x68, 0x77, 0x69, 0x73, 0x65, 0x5f, 0x63, 
  0x6f, 0x6e, 0x76, 0x32, 0x64, 0x5f, 0x31, 0x2f, 0x64, 0x65, 0x70, 0x74, 
  0x68, 0x77, 0x69, 0x73, 0x65, 0x00, 0x00, 0x00, 0x04, 0x00, 0x00, 0x00, 
  0x01, 0x00, 0x00, 0x00, 0x03, 0x00, 0x00, 0x00, 0x03, 0x00, 0x00, 0x00, 
  0x10, 0x00, 0x00, 0x00, 0xfa, 0xf2, 0xff, 0xff, 0x00, 0x00, 0x00, 0x01, 
  0x14, 0x00, 0x00, 0x00, 0xe8, 0x00, 0x00, 0x00, 0x0d, 0x00, 0x00, 0x00, 
  0x00, 0x00, 0x00, 0x02, 0x80, 0x01, 0x00, 0x00, 0x44, 0xf2, 0xff, 0xff, 
  0x08, 0x00, 0x00, 0x00, 0x8c, 0x00, 0x00, 0x00, 0x10, 0x00, 0x00, 0x00, 
  0x00, 0x00, 0x00, 0x00, 0x00, 0x00, 0x00, 0x00, 0x00, 0x00, 0x00, 0x00, 
  0x00, 0x00, 0x00, 0x00, 0x00, 0x00, 0x00, 0x00, 0x00, 0x00, 0x00, 0x00, 
  0x00, 0x00, 0x00, 0x00, 0x00, 0x00, 0x00, 0x00, 0x00, 0x00, 0x00, 0x00, 
  0x00, 0x00, 0x00, 0x00, 0x00, 0x00, 0x00, 0x00, 0x00, 0x00, 0x00, 0x00, 
  0x00, 0x00, 0x00, 0x00, 0x00, 0x00, 0x00, 0x00, 0x00, 0x00, 0x00, 0x00, 
  0x00, 0x00, 0x00, 0x00, 0x00, 0x00, 0x00, 0x00, 0x00, 0x00, 0x00, 0x00, 
  0x00, 0x00, 0x00, 0x00, 0x00, 0x00, 0x00, 0x00, 0x00, 0x00, 0x00, 0x00, 
  0x00, 0x00, 0x00, 0x00, 0x00, 0x00, 0x00, 0x00, 0x00, 0x00, 0x00, 0x00, 
  0x00, 0x00, 0x00, 0x00, 0x00, 0x00, 0x00, 0x00, 0x00, 0x00, 0x00, 0x00, 
  0x00, 0x00, 0x00, 0x00, 0x00, 0x00, 0x00, 0x00, 0x00, 0x00, 0x00, 0x00, 
  0x00, 0x00, 0x00, 0x00, 0x00, 0x00, 0x00, 0x00, 0x00, 0x00, 0x00, 0x00, 
  0x10, 0x00, 0x00, 0x00, 0xab, 0x8c, 0xf2, 0x38, 0x10, 0x5b, 0x4f, 0x38, 
  0x82, 0xe7, 0x8c, 0x38, 0x78, 0x69, 0x89, 0x38, 0x55, 0xbb, 0x7c, 0x38, 
  0xe7, 0x23, 0x9c, 0x38, 0x0d, 0xd3, 0xa7, 0x38, 0x2a, 0xb3, 0x94, 0x38, 
  0x07, 0xe9, 0x91, 0x38, 0xe5, 0x2e, 0x9b, 0x38, 0xcc, 0x1d, 0x82, 0x38, 
  0x1e, 0x59, 0x81, 0x38, 0x0b, 0x52, 0xa0, 0x38, 0x1c, 0x3d, 0x98, 0x38, 
  0x17, 0x67, 0xa6, 0x38, 0x5e, 0x78, 0xbd, 0x38, 0x9e, 0x00, 0x00, 0x00, 
  0x73, 0x65, 0x71, 0x75, 0x65, 0x6e, 0x74, 0x69, 0x61, 0x6c, 0x5f, 0x31, 
  0x2f, 0x64, 0x65, 0x70, 0x74, 0x68, 0x77, 0x69, 0x73, 0x65, 0x5f, 0x63, 
  0x6f, 0x6e, 0x76, 0x32, 0x64, 0x5f, 0x31, 0x2f, 0x52, 0x65, 0x6c, 0x75, 
  0x3b, 0x73, 0x65, 0x71, 0x75, 0x65, 0x6e, 0x74, 0x69, 0x61, 0x6c, 0x5f, 
  0x31, 0x2f, 0x64, 0x65, 0x70, 0x74, 0x68, 0x77, 0x69, 0x73, 0x65, 0x5f, 
  0x63, 0x6f, 0x6e, 0x76, 0x32, 0x64, 0x5f, 0x31, 0x2f, 0x42, 0x69, 0x61, 
  0x73, 0x41, 0x64, 0x64, 0x3b, 0x73, 0x65, 0x71, 0x75, 0x65, 0x6e, 0x74, 
  0x69, 0x61, 0x6c, 0x5f, 0x31, 0x2f, 0x64, 0x65, 0x70, 0x74, 0x68, 0x77, 
  0x69, 0x73, 0x65, 0x5f, 0x63, 0x6f, 0x6e, 0x76, 0x32, 0x64, 0x5f, 0x31, 
  0x2f, 0x64, 0x65, 0x70, 0x74, 0x68, 0x77, 0x69, 0x73, 0x65, 0x3b, 0x73, 
  0x65, 0x71, 0x75, 0x65, 0x6e, 0x74, 0x69, 0x61, 0x6c, 0x5f, 0x31, 0x2f, 
  0x64, 0x65, 0x70, 0x74, 0x68, 0x77, 0x69, 0x73, 0x65, 0x5f, 0x63, 0x6f, 
  0x6e, 0x76, 0x32, 0x64, 0x5f, 0x31, 0x2f, 0x53, 0x71, 0x75, 0x65, 0x65, 
  0x7a, 0x65, 0x00, 0x00, 0x01, 0x00, 0x00, 0x00, 0x10, 0x00, 0x00, 0x00, 
  0x9a, 0xf4, 0xff, 0xff, 0x00, 0x00, 0x00, 0x01, 0x14, 0x00, 0x00, 0x00, 
  0xa8, 0x01, 0x00, 0x00, 0x0c, 0x00, 0x00, 0x00, 0x00, 0x00, 0x00, 0x09, 
  0xc4, 0x01, 0x00, 0x00, 0xe4, 0xf3, 0xff, 0xff, 0x08, 0x00, 0x00, 0x00, 
  0x0c, 0x01, 0x00, 0x00, 0x20, 0x00, 0x00, 0x00, 0x00, 0x00, 0x00, 0x00, 
  0x00, 0x00, 0x00, 0x00, 0x00, 0x00, 0x00, 0x00, 0x00, 0x00, 0x00, 0x00, 
  0x00, 0x00, 0x00, 0x00, 0x00, 0x00, 0x00, 0x00, 0x00, 0x00, 0x00, 0x00, 
  0x00, 0x00, 0x00, 0x00, 0x00, 0x00, 0x00, 0x00, 0x00, 0x00, 0x00, 0x00, 
  0x00, 0x00, 0x00, 0x00, 0x00, 0x00, 0x00, 0x00, 0x00, 0x00, 0x00, 0x00, 
  0x00, 0x00, 0x00, 0x00, 0x00, 0x00, 0x00, 0x00, 0x00, 0x00, 0x00, 0x00, 
  0x00, 0x00, 0x00, 0x00, 0x00, 0x00, 0x00, 0x00, 0x00, 0x00, 0x00, 0x00, 
  0x00, 0x00, 0x00, 0x00, 0x00, 0x00, 0x00, 0x00, 0x00, 0x00, 0x00, 0x00, 
  0x00, 0x00, 0x00, 0x00, 0x00, 0x00, 0x00, 0x00, 0x00, 0x00, 0x00, 0x00, 
  0x00, 0x00, 0x00, 0x00, 0x00, 0x00, 0x00, 0x00, 0x00, 0x00, 0x00, 0x00, 
  0x00, 0x00, 0x00, 0x00, 0x00, 0x00, 0x00, 0x00, 0x00, 0x00, 0x00, 0x00, 
  0x00, 0x00, 0x00, 0x00, 0x00, 0x00, 0x00, 0x00, 0x00, 0x00, 0x00, 0x00, 
  0x00, 0x00, 0x00, 0x00, 0x00, 0x00, 0x00, 0x00, 0x00, 0x00, 0x00, 0x00, 
  0x00, 0x00, 0x00, 0x00, 0x00, 0x00, 0x00, 0x00, 0x00, 0x00, 0x00, 0x00, 
  0x00, 0x00, 0x00, 0x00, 0x00, 0x00, 0x00, 0x00, 0x00, 0x00, 0x00, 0x00, 
  0x00, 0x00, 0x00, 0x00, 0x00, 0x00, 0x00, 0x00, 0x00, 0x00, 0x00, 0x00, 
  0x00, 0x00, 0x00, 0x00, 0x00, 0x00, 0x00, 0x00, 0x00, 0x00, 0x00, 0x00, 
  0x00, 0x00, 0x00, 0x00, 0x00, 0x00, 0x00, 0x00, 0x00, 0x00, 0x00, 0x00, 
  0x00, 0x00, 0x00, 0x00, 0x00, 0x00, 0x00, 0x00, 0x00, 0x00, 0x00, 0x00, 
  0x00, 0x00, 0x00, 0x00, 0x00, 0x00, 0x00, 0x00, 0x00, 0x00, 0x00, 0x00, 
  0x00, 0x00, 0x00, 0x00, 0x00, 0x00, 0x00, 0x00, 0x00, 0x00, 0x00, 0x00, 
  0x00, 0x00, 0x00, 0x00, 0x00, 0x00, 0x00, 0x00, 0x00, 0x00, 0x00, 0x00, 
  0x00, 0x00, 0x00, 0x00, 0x20, 0x00, 0x00, 0x00, 0x7d, 0xe0, 0x6f, 0x3b, 
  0x51, 0xb2, 0x62, 0x3b, 0xc1, 0x19, 0x81, 0x3b, 0xb8, 0xf5, 0x4e, 0x3b, 
  0x16, 0xa4, 0x54, 0x3b, 0x79, 0x5c, 0x62, 0x3b, 0x34, 0x85, 0x26, 0x3b, 
  0x3c, 0x98, 0x60, 0x3b, 0x12, 0x97, 0x07, 0x3b, 0x9c, 0x6a, 0x4a, 0x3b, 
  0x44, 0xbe, 0x42, 0x3b, 0xba, 0x1d, 0x78, 0x3b, 0xc6, 0xab, 0x46, 0x3b, 
  0x57, 0x82, 0x41, 0x3b, 0x4d, 0xdd, 0x81, 0x3b, 0xdb, 0xa6, 0x4c, 0x3b, 
  0x4d, 0x30, 0x35, 0x3b, 0xe8, 0x7f, 0x6b, 0x3b, 0xba, 0xc5, 0x46, 0x3b, 
  0xc5, 0xb6, 0x3f, 0x3b, 0xef, 0xa3, 0x38, 0x3b, 0x11, 0x5b, 0x37, 0x3b, 
  0x03, 0x9d, 0x57, 0x3b, 0xd6, 0x55, 0x76, 0x3b, 0xdb, 0x3b, 0x88, 0x3b, 
  0xc2, 0xf0, 0x35, 0x3b, 0xd9, 0xdb, 0x5b, 0x3b, 0x43, 0x86, 0x1d, 0x3b, 
  0xb1, 0x36, 0x48, 0x3b, 0x55, 0xee, 0x54, 0x3b, 0x1a, 0x60, 0x64, 0x3b, 
  0x0b, 0xb4, 0x43, 0x3b, 0x23, 0x00, 0x00, 0x00, 0x73, 0x65, 0x71, 0x75, 
  0x65, 0x6e, 0x74, 0x69, 0x61, 0x6c, 0x5f, 0x31, 0x2f, 0x63, 0x6f, 0x6e, 
  0x76, 0x32, 0x64, 0x5f, 0x31, 0x5f, 0x32, 0x2f, 0x63, 0x6f, 0x6e, 0x76, 
  0x6f, 0x6c, 0x75, 0x74, 0x69, 0x6f, 0x6e, 0x00, 0x04, 0x00, 0x00, 0x00, 
  0x20, 0x00, 0x00, 0x00, 0x01, 0x00, 0x00, 0x00, 0x01, 0x00, 0x00, 0x00, 
  0x10, 0x00, 0x00, 0x00, 0x8a, 0xf6, 0xff, 0xff, 0x00, 0x00, 0x00, 0x01, 
  0x14, 0x00, 0x00, 0x00, 0xa4, 0x01, 0x00, 0x00, 0x0b, 0x00, 0x00, 0x00, 
  0x00, 0x00, 0x00, 0x02, 0x20, 0x02, 0x00, 0x00, 0xd4, 0xf5, 0xff, 0xff, 
  0x08, 0x00, 0x00, 0x00, 0x08, 0x01, 0x00, 0x00, 0x20, 0x00, 0x00, 0x00, 
  0x00, 0x00, 0x00, 0x00, 0x00, 0x00, 0x00, 0x00, 0x00, 0x00, 0x00, 0x00, 
  0x00, 0x00, 0x00, 0x00, 0x00, 0x00, 0x00, 0x00, 0x00, 0x00, 0x00, 0x00, 
  0x00, 0x00, 0x00, 0x00, 0x00, 0x00, 0x00, 0x00, 0x00, 0x00, 0x00, 0x00, 
  0x00, 0x00, 0x00, 0x00, 0x00, 0x00, 0x00, 0x00, 0x00, 0x00, 0x00, 0x00, 
  0x00, 0x00, 0x00, 0x00, 0x00, 0x00, 0x00, 0x00, 0x00, 0x00, 0x00, 0x00, 
  0x00, 0x00, 0x00, 0x00, 0x00, 0x00, 0x00, 0x00, 0x00, 0x00, 0x00, 0x00, 
  0x00, 0x00, 0x00, 0x00, 0x00, 0x00, 0x00, 0x00, 0x00, 0x00, 0x00, 0x00, 
  0x00, 0x00, 0x00, 0x00, 0x00, 0x00, 0x00, 0x00, 0x00, 0x00, 0x00, 0x00, 
  0x00, 0x00, 0x00, 0x00, 0x00, 0x00, 0x00, 0x00, 0x00, 0x00, 0x00, 0x00, 
  0x00, 0x00, 0x00, 0x00, 0x00, 0x00, 0x00, 0x00, 0x00, 0x00, 0x00, 0x00, 
  0x00, 0x00, 0x00, 0x00, 0x00, 0x00, 0x00, 0x00, 0x00, 0x00, 0x00, 0x00, 
  0x00, 0x00, 0x00, 0x00, 0x00, 0x00, 0x00, 0x00, 0x00, 0x00, 0x00, 0x00, 
  0x00, 0x00, 0x00, 0x00, 0x00, 0x00, 0x00, 0x00, 0x00, 0x00, 0x00, 0x00, 
  0x00, 0x00, 0x00, 0x00, 0x00, 0x00, 0x00, 0x00, 0x00, 0x00, 0x00, 0x00, 
  0x00, 0x00, 0x00, 0x00, 0x00, 0x00, 0x00, 0x00, 0x00, 0x00, 0x00, 0x00, 
  0x00, 0x00, 0x00, 0x00, 0x00, 0x00, 0x00, 0x00, 0x00, 0x00, 0x00, 0x00, 
  0x00, 0x00, 0x00, 0x00, 0x00, 0x00, 0x00, 0x00, 0x00, 0x00, 0x00, 0x00, 
  0x00, 0x00, 0x00, 0x00, 0x00, 0x00, 0x00, 0x00, 0x00, 0x00, 0x00, 0x00, 
  0x00, 0x00, 0x00, 0x00, 0x00, 0x00, 0x00, 0x00, 0x00, 0x00, 0x00, 0x00, 
  0x00, 0x00, 0x00, 0x00, 0x00, 0x00, 0x00, 0x00, 0x00, 0x00, 0x00, 0x00, 
  0x00, 0x00, 0x00, 0x00, 0x00, 0x00, 0x00, 0x00, 0x00, 0x00, 0x00, 0x00, 
  0x00, 0x00, 0x00, 0x00, 0x20, 0x00, 0x00, 0x00, 0x88, 0x44, 0x93, 0x38, 
  0x06, 0x2d, 0x8b, 0x38, 0x7d, 0x84, 0x9e, 0x38, 0x2a, 0x1e, 0x7e, 0x38, 
  0xf6, 0x8b, 0x82, 0x38, 0x53, 0xf8, 0x8a, 0x38, 0xb8, 0x76, 0x4c, 0x38, 
  0xae, 0xe2, 0x89, 0x38, 0x5b, 0x7c, 0x26, 0x38, 0x07, 0x8a, 0x78, 0x38, 
  0x16, 0x1e, 0x6f, 0x38, 0x75, 0x53, 0x98, 0x38, 0xb6, 0xf0, 0x73, 0x38, 
  0x2d, 0x9a, 0x6d, 0x38, 0x98, 0x74, 0x9f, 0x38, 0xaa, 0x48, 0x7b, 0x38, 
  0x74, 0x79, 0x5e, 0x38, 0x92, 0x94, 0x90, 0x38, 0x94, 0x10, 0x74, 0x38, 
  0xe3, 0x65, 0x6b, 0x38, 0x6f, 0xb6, 0x62, 0x38, 0xa1, 0x22, 0x61, 0x38, 
  0x1e, 0x5f, 0x84, 0x38, 0x92, 0x3b, 0x97, 0x38, 0xb0, 0x46, 0xa7, 0x38, 
  0xc4, 0x65, 0x5f, 0x38, 0x5c, 0xfa, 0x86, 0x38, 0x07, 0x6b, 0x41, 0x38, 
  0x9d, 0xd5, 0x75, 0x38, 0x8b, 0xb9, 0x82, 0x38, 0xe2, 0x34, 0x8c, 0x38, 
  0xde, 0x4b, 0x70, 0x38, 0x80, 0x00, 0x00, 0x00, 0x73, 0x65, 0x71, 0x75, 
  0x65, 0x6e, 0x74, 0x69, 0x61, 0x6c, 0x5f, 0x31, 0x2f, 0x63, 0x6f, 0x6e, 
  0x76, 0x32, 0x64, 0x5f, 0x31, 0x5f, 0x32, 0x2f, 0x52, 0x65, 0x6c, 0x75, 
  0x3b, 0x73, 0x65, 0x71, 0x75, 0x65, 0x6e, 0x74, 0x69, 0x61, 0x6c, 0x5f, 
  0x31, 0x2f, 0x63, 0x6f, 0x6e, 0x76, 0x32, 0x64, 0x5f, 0x31, 0x5f, 0x32, 
  0x2f, 0x42, 0x69, 0x61, 0x73, 0x41, 0x64, 0x64, 0x3b, 0x73, 0x65, 0x71, 
  0x75, 0x65, 0x6e, 0x74, 0x69, 0x61, 0x6c, 0x5f, 0x31, 0x2f, 0x63, 0x6f, 
  0x6e, 0x76, 0x32, 0x64, 0x5f, 0x31, 0x5f, 0x32, 0x2f, 0x63, 0x6f, 0x6e, 
  0x76, 0x6f, 0x6c, 0x75, 0x74, 0x69, 0x6f, 0x6e, 0x3b, 0x73, 0x65, 0x71, 
  0x75, 0x65, 0x6e, 0x74, 0x69, 0x61, 0x6c, 0x5f, 0x31, 0x2f, 0x63, 0x6f, 
  0x6e, 0x76, 0x32, 0x64, 0x5f, 0x31, 0x5f, 0x32, 0x2f, 0x53, 0x71, 0x75, 
  0x65, 0x65, 0x7a, 0x65, 0x00, 0x00, 0x00, 0x00, 0x01, 0x00, 0x00, 0x00, 
  0x20, 0x00, 0x00, 0x00, 0xca, 0xf8, 0xff, 0xff, 0x00, 0x00, 0x00, 0x01, 
  0x14, 0x00, 0x00, 0x00, 0x34, 0x00, 0x00, 0x00, 0x0a, 0x00, 0x00, 0x00, 
  0x00, 0x00, 0x00, 0x09, 0x60, 0x00, 0x00, 0x00, 0x14, 0xf8, 0xff, 0xff, 
  0x08, 0x00, 0x00, 0x00, 0x14, 0x00, 0x00, 0x00, 0x01, 0x00, 0x00, 0x00, 
  0x80, 0xff, 0xff, 0xff, 0xff, 0xff, 0xff, 0xff, 0x00, 0x00, 0x00, 0x00, 
  0x01, 0x00, 0x00, 0x00, 0xa0, 0xac, 0xc4, 0x3d, 0x32, 0x00, 0x00, 0x00, 
  0x73, 0x65, 0x71, 0x75, 0x65, 0x6e, 0x74, 0x69, 0x61, 0x6c, 0x5f, 0x31, 
  0x2f, 0x62, 0x61, 0x74, 0x63, 0x68, 0x5f, 0x6e, 0x6f, 0x72, 0x6d, 0x61, 
  0x6c, 0x69, 0x7a, 0x61, 0x74, 0x69, 0x6f, 0x6e, 0x5f, 0x31, 0x5f, 0x32, 
  0x2f, 0x62, 0x61, 0x74, 0x63, 0x68, 0x6e, 0x6f, 0x72, 0x6d, 0x2f, 0x6d, 
  0x75, 0x6c, 0x00, 0x00, 0x01, 0x00, 0x00, 0x00, 0x20, 0x00, 0x00, 0x00, 
  0x4a, 0xf9, 0xff, 0xff, 0x00, 0x00, 0x00, 0x01, 0x14, 0x00, 0x00, 0x00, 
  0x34, 0x00, 0x00, 0x00, 0x09, 0x00, 0x00, 0x00, 0x00, 0x00, 0x00, 0x09, 
  0x60, 0x00, 0x00, 0x00, 0x94, 0xf8, 0xff, 0xff, 0x08, 0x00, 0x00, 0x00, 
  0x14, 0x00, 0x00, 0x00, 0x01, 0x00, 0x00, 0x00, 0x7f, 0x00, 0x00, 0x00, 
  0x00, 0x00, 0x00, 0x00, 0x00, 0x00, 0x00, 0x00, 0x01, 0x00, 0x00, 0x00, 
  0x9c, 0xa9, 0xc5, 0x3b, 0x32, 0x00, 0x00, 0x00, 0x73, 0x65, 0x71, 0x75, 
  0x65, 0x6e, 0x74, 0x69, 0x61, 0x6c, 0x5f, 0x31, 0x2f, 0x62, 0x61, 0x74, 
  0x63, 0x68, 0x5f, 0x6e, 0x6f, 0x72, 0x6d, 0x61, 0x6c, 0x69, 0x7a, 0x61, 
  0x74, 0x69, 0x6f, 0x6e, 0x5f, 0x31, 0x5f, 0x32, 0x2f, 0x62, 0x61, 0x74, 
  0x63, 0x68, 0x6e, 0x6f, 0x72, 0x6d, 0x2f, 0x73, 0x75, 0x62, 0x00, 0x00, 
  0x01, 0x00, 0x00, 0x00, 0x20, 0x00, 0x00, 0x00, 0xca, 0xf9, 0xff, 0xff, 
  0x00, 0x00, 0x00, 0x01, 0x14, 0x00, 0x00, 0x00, 0xa8, 0x01, 0x00, 0x00, 
  0x08, 0x00, 0x00, 0x00, 0x00, 0x00, 0x00, 0x09, 0xc4, 0x01, 0x00, 0x00, 
  0x14, 0xf9, 0xff, 0xff, 0x08, 0x00, 0x00, 0x00, 0x0c, 0x01, 0x00, 0x00, 
  0x20, 0x00, 0x00, 0x00, 0x00, 0x00, 0x00, 0x00, 0x00, 0x00, 0x00, 0x00, 
  0x00, 0x00, 0x00, 0x00, 0x00, 0x00, 0x00, 0x00, 0x00, 0x00, 0x00, 0x00, 
  0x00, 0x00, 0x00, 0x00, 0x00, 0x00, 0x00, 0x00, 0x00, 0x00, 0x00, 0x00, 
  0x00, 0x00, 0x00, 0x00, 0x00, 0x00, 0x00, 0x00, 0x00, 0x00, 0x00, 0x00, 
  0x00, 0x00, 0x00, 0x00, 0x00, 0x00, 0x00, 0x00, 0x00, 0x00, 0x00, 0x00, 
  0x00, 0x00, 0x00, 0x00, 0x00, 0x00, 0x00, 0x00, 0x00, 0x00, 0x00, 0x00, 
  0x00, 0x00, 0x00, 0x00, 0x00, 0x00, 0x00, 0x00, 0x00, 0x00, 0x00, 0x00, 
  0x00, 0x00, 0x00, 0x00, 0x00, 0x00, 0x00, 0x00, 0x00, 0x00, 0x00, 0x00, 
  0x00, 0x00, 0x00, 0x00, 0x00, 0x00, 0x00, 0x00, 0x00, 0x00, 0x00, 0x00, 
  0x00, 0x00, 0x00, 0x00, 0x00, 0x00, 0x00, 0x00, 0x00, 0x00, 0x00, 0x00, 
  0x00, 0x00, 0x00, 0x00, 0x00, 0x00, 0x00, 0x00, 0x00, 0x00, 0x00, 0x00, 
  0x00, 0x00, 0x00, 0x00, 0x00, 0x00, 0x00, 0x00, 0x00, 0x00, 0x00, 0x00, 
  0x00, 0x00, 0x00, 0x00, 0x00, 0x00, 0x00, 0x00, 0x00, 0x00, 0x00, 0x00, 
  0x00, 0x00, 0x00, 0x00, 0x00, 0x00, 0x00, 0x00, 0x00, 0x00, 0x00, 0x00, 
  0x00, 0x00, 0x00, 0x00, 0x00, 0x00, 0x00, 0x00, 0x00, 0x00, 0x00, 0x00, 
  0x00, 0x00, 0x00, 0x00, 0x00, 0x00, 0x00, 0x00, 0x00, 0x00, 0x00, 0x00, 
  0x00, 0x00, 0x00, 0x00, 0x00, 0x00, 0x00, 0x00, 0x00, 0x00, 0x00, 0x00, 
  0x00, 0x00, 0x00, 0x00, 0x00, 0x00, 0x00, 0x00, 0x00, 0x00, 0x00, 0x00, 
  0x00, 0x00, 0x00, 0x00, 0x00, 0x00, 0x00, 0x00, 0x00, 0x00, 0x00, 0x00, 
  0x00, 0x00, 0x00, 0x00, 0x00, 0x00, 0x00, 0x00, 0x00, 0x00, 0x00, 0x00, 
  0x00, 0x00, 0x00, 0x00, 0x00, 0x00, 0x00, 0x00, 0x00, 0x00, 0x00, 0x00, 
  0x00, 0x00, 0x00, 0x00, 0x00, 0x00, 0x00, 0x00, 0x00, 0x00, 0x00, 0x00, 
  0x20, 0x00, 0x00, 0x00, 0x65, 0x43, 0xd5, 0x3a, 0x94, 0x07, 0xfa, 0x3a, 
  0x75, 0xbe, 0xf3, 0x3a, 0x86, 0x09, 0xc3, 0x3a, 0x36, 0x83, 0xaa, 0x3a, 
  0x72, 0xac, 0xb9, 0x3a, 0x54, 0x3f, 0xd7, 0x3a, 0xfb, 0x08, 0xe1, 0x3a, 
  0x21, 0x11, 0xc3, 0x3a, 0x09, 0x2d, 0x12, 0x3b, 0x75, 0x6a, 0xb0, 0x3a, 
  0x3b, 0x52, 0xdf, 0x3a, 0x68, 0x06, 0xc5, 0x3a, 0xe2, 0x52, 0xc5, 0x3a, 
  0x34, 0x2a, 0xcf, 0x3a, 0xa9, 0x7c, 0xc9, 0x3a, 0x6a, 0xdd, 0x00, 0x3b, 
  0x47, 0x29, 0xf7, 0x3a, 0x3e, 0x07, 0xf9, 0x3a, 0x9f, 0x3a, 0xd4, 0x3a, 
  0x1b, 0x9a, 0xbe, 0x3a, 0x15, 0xd0, 0xef, 0x3a, 0x84, 0x47, 0xcc, 0x3a, 
  0x97, 0x38, 0xb3, 0x3a, 0xe5, 0x05, 0xdd, 0x3a, 0x23, 0xf4, 0xf1, 0x3a, 
  0x7a, 0xc7, 0xe3, 0x3a, 0x42, 0xdd, 0xb0, 0x3a, 0xfe, 0xeb, 0xcb, 0x3a, 
  0xa2, 0x8d, 0xc7, 0x3a, 0xb6, 0x3b, 0x1e, 0x3b, 0x21, 0x5e, 0xb0, 0x3a, 
  0x23, 0x00, 0x00, 0x00, 0x73, 0x65, 0x71, 0x75, 0x65, 0x6e, 0x74, 0x69, 
  0x61, 0x6c, 0x5f, 0x31, 0x2f, 0x63, 0x6f, 0x6e, 0x76, 0x32, 0x64, 0x5f, 
  0x32, 0x5f, 0x31, 0x2f, 0x63, 0x6f, 0x6e, 0x76, 0x6f, 0x6c, 0x75, 0x74, 
  0x69, 0x6f, 0x6e, 0x00, 0x04, 0x00, 0x00, 0x00, 0x20, 0x00, 0x00, 0x00, 
  0x03, 0x00, 0x00, 0x00, 0x03, 0x00, 0x00, 0x00, 0x20, 0x00, 0x00, 0x00, 
  0xba, 0xfb, 0xff, 0xff, 0x00, 0x00, 0x00, 0x01, 0x14, 0x00, 0x00, 0x00, 
  0xa4, 0x01, 0x00, 0x00, 0x07, 0x00, 0x00, 0x00, 0x00, 0x00, 0x00, 0x02, 
  0x20, 0x02, 0x00, 0x00, 0x04, 0xfb, 0xff, 0xff, 0x08, 0x00, 0x00, 0x00, 
  0x08, 0x01, 0x00, 0x00, 0x20, 0x00, 0x00, 0x00, 0x00, 0x00, 0x00, 0x00, 
  0x00, 0x00, 0x00, 0x00, 0x00, 0x00, 0x00, 0x00, 0x00, 0x00, 0x00, 0x00, 
  0x00, 0x00, 0x00, 0x00, 0x00, 0x00, 0x00, 0x00, 0x00, 0x00, 0x00, 0x00, 
  0x00, 0x00, 0x00, 0x00, 0x00, 0x00, 0x00, 0x00, 0x00, 0x00, 0x00, 0x00, 
  0x00, 0x00, 0x00, 0x00, 0x00, 0x00, 0x00, 0x00, 0x00, 0x00, 0x00, 0x00, 
  0x00, 0x00, 0x00, 0x00, 0x00, 0x00, 0x00, 0x00, 0x00, 0x00, 0x00, 0x00, 
  0x00, 0x00, 0x00, 0x00, 0x00, 0x00, 0x00, 0x00, 0x00, 0x00, 0x00, 0x00, 
  0x00, 0x00, 0x00, 0x00, 0x00, 0x00, 0x00, 0x00, 0x00, 0x00, 0x00, 0x00, 
  0x00, 0x00, 0x00, 0x00, 0x00, 0x00, 0x00, 0x00, 0x00, 0x00, 0x00, 0x00, 
  0x00, 0x00, 0x00, 0x00, 0x00, 0x00, 0x00, 0x00, 0x00, 0x00, 0x00, 0x00, 
  0x00, 0x00, 0x00, 0x00, 0x00, 0x00, 0x00, 0x00, 0x00, 0x00, 0x00, 0x00, 
  0x00, 0x00, 0x00, 0x00, 0x00, 0x00, 0x00, 0x00, 0x00, 0x00, 0x00, 0x00, 
  0x00, 0x00, 0x00, 0x00, 0x00, 0x00, 0x00, 0x00, 0x00, 0x00, 0x00, 0x00, 
  0x00, 0x00, 0x00, 0x00, 0x00, 0x00, 0x00, 0x00, 0x00, 0x00, 0x00, 0x00, 
  0x00, 0x00, 0x00, 0x00, 0x00, 0x00, 0x00, 0x00, 0x00, 0x00, 0x00, 0x00, 
  0x00, 0x00, 0x00, 0x00, 0x00, 0x00, 0x00, 0x00, 0x00, 0x00, 0x00, 0x00, 
  0x00, 0x00, 0x00, 0x00, 0x00, 0x00, 0x00, 0x00, 0x00, 0x00, 0x00, 0x00, 
  0x00, 0x00, 0x00, 0x00, 0x00, 0x00, 0x00, 0x00, 0x00, 0x00, 0x00, 0x00, 
  0x00, 0x00, 0x00, 0x00, 0x00, 0x00, 0x00, 0x00, 0x00, 0x00, 0x00, 0x00, 
  0x00, 0x00, 0x00, 0x00, 0x00, 0x00, 0x00, 0x00, 0x00, 0x00, 0x00, 0x00, 
  0x00, 0x00, 0x00, 0x00, 0x00, 0x00, 0x00, 0x00, 0x00, 0x00, 0x00, 0x00, 
  0x00, 0x00, 0x00, 0x00, 0x00, 0x00, 0x00, 0x00, 0x00, 0x00, 0x00, 0x00, 
  0x20, 0x00, 0x00, 0x00, 0xa2, 0x96, 0xf5, 0x38, 0xba, 0xf6, 0x0f, 0x39, 
  0x38, 0x58, 0x0c, 0x39, 0x89, 0x99, 0xe0, 0x38, 0x98, 0x5b, 0xc4, 0x38, 
  0x20, 0xd1, 0xd5, 0x38, 0x8e, 0xdf, 0xf7, 0x38, 0x80, 0x92, 0x01, 0x39, 
  0x4b, 0xa2, 0xe0, 0x38, 0x16, 0x55, 0x28, 0x39, 0xe8, 0x27, 0xcb, 0x38, 
  0xdf, 0x95, 0x00, 0x39, 0x8d, 0xe3, 0xe2, 0x38, 0x9f, 0x3b, 0xe3, 0x38, 
  0xce, 0x90, 0xee, 0x38, 0xf1, 0x06, 0xe8, 0x38, 0xc0, 0x65, 0x14, 0x39, 
  0xed, 0x4f, 0x0e, 0x39, 0x22, 0x63, 0x0f, 0x39, 0xba, 0x65, 0xf4, 0x38, 
  0x05, 0x7e, 0xdb, 0x38, 0xc2, 0x14, 0x0a, 0x39, 0x27, 0x3e, 0xeb, 0x38, 
  0xe4, 0x62, 0xce, 0x38, 0x3c, 0x86, 0xfe, 0x38, 0x53, 0x50, 0x0b, 0x39, 
  0xfd, 0x26, 0x03, 0x39, 0x1c, 0xac, 0xcb, 0x38, 0xc1, 0xd4, 0xea, 0x38, 
  0xe2, 0xcc, 0xe5, 0x38, 0x9f, 0x37, 0x36, 0x39, 0xb6, 0x19, 0xcb, 0x38, 
  0x80, 0x00, 0x00, 0x00, 0x73, 0x65, 0x71, 0x75, 0x65, 0x6e, 0x74, 0x69, 
  0x61, 0x6c, 0x5f, 0x31, 0x2f, 0x63, 0x6f, 0x6e, 0x76, 0x32, 0x64, 0x5f, 
  0x32, 0x5f, 0x31, 0x2f, 0x52, 0x65, 0x6c, 0x75, 0x3b, 0x73, 0x65, 0x71, 
  0x75, 0x65, 0x6e, 0x74, 0x69, 0x61, 0x6c, 0x5f, 0x31, 0x2f, 0x63, 0x6f, 
  0x6e, 0x76, 0x32, 0x64, 0x5f, 0x32, 0x5f, 0x31, 0x2f, 0x42, 0x69, 0x61, 
  0x73, 0x41, 0x64, 0x64, 0x3b, 0x73, 0x65, 0x71, 0x75, 0x65, 0x6e, 0x74, 
  0x69, 0x61, 0x6c, 0x5f, 0x31, 0x2f, 0x63, 0x6f, 0x6e, 0x76, 0x32, 0x64, 
  0x5f, 0x32, 0x5f, 0x31, 0x2f, 0x63, 0x6f, 0x6e, 0x76, 0x6f, 0x6c, 0x75, 
  0x74, 0x69, 0x6f, 0x6e, 0x3b, 0x73, 0x65, 0x71, 0x75, 0x65, 0x6e, 0x74, 
  0x69, 0x61, 0x6c, 0x5f, 0x31, 0x2f, 0x63, 0x6f, 0x6e, 0x76, 0x32, 0x64, 
  0x5f, 0x32, 0x5f, 0x31, 0x2f, 0x53, 0x71, 0x75, 0x65, 0x65, 0x7a, 0x65, 
  0x00, 0x00, 0x00, 0x00, 0x01, 0x00, 0x00, 0x00, 0x20, 0x00, 0x00, 0x00, 
  0xfa, 0xfd, 0xff, 0xff, 0x00, 0x00, 0x00, 0x01, 0x14, 0x00, 0x00, 0x00, 
  0x34, 0x00, 0x00, 0x00, 0x06, 0x00, 0x00, 0x00, 0x00, 0x00, 0x00, 0x09, 
  0x60, 0x00, 0x00, 0x00, 0x44, 0xfd, 0xff, 0xff, 0x08, 0x00, 0x00, 0x00, 
  0x14, 0x00, 0x00, 0x00, 0x01, 0x00, 0x00, 0x00, 0x80, 0xff, 0xff, 0xff, 
  0xff, 0xff, 0xff, 0xff, 0x00, 0x00, 0x00, 0x00, 0x01, 0x00, 0x00, 0x00, 
  0xa1, 0x2a, 0x6b, 0x3c, 0x32, 0x00, 0x00, 0x00, 0x73, 0x65, 0x71, 0x75, 
  0x65, 0x6e, 0x74, 0x69, 0x61, 0x6c, 0x5f, 0x31, 0x2f, 0x62, 0x61, 0x74, 
  0x63, 0x68, 0x5f, 0x6e, 0x6f, 0x72, 0x6d, 0x61, 0x6c, 0x69, 0x7a, 0x61, 
  0x74, 0x69, 0x6f, 0x6e, 0x5f, 0x32, 0x5f, 0x31, 0x2f, 0x62, 0x61, 0x74, 
  0x63, 0x68, 0x6e, 0x6f, 0x72, 0x6d, 0x2f, 0x6d, 0x75, 0x6c, 0x00, 0x00, 
  0x01, 0x00, 0x00, 0x00, 0x20, 0x00, 0x00, 0x00, 0x7a, 0xfe, 0xff, 0xff, 
  0x00, 0x00, 0x00, 0x01, 0x14, 0x00, 0x00, 0x00, 0x34, 0x00, 0x00, 0x00, 
  0x05, 0x00, 0x00, 0x00, 0x00, 0x00, 0x00, 0x09, 0x60, 0x00, 0x00, 0x00, 
  0xc4, 0xfd, 0xff, 0xff, 0x08, 0x00, 0x00, 0x00, 0x14, 0x00, 0x00, 0x00, 
  0x01, 0x00, 0x00, 0x00, 0x7f, 0x00, 0x00, 0x00, 0x00, 0x00, 0x00, 0x00, 
  0x00, 0x00, 0x00, 0x00, 0x01, 0x00, 0x00, 0x00, 0xd4, 0x75, 0xd9, 0x3b, 
  0x32, 0x00, 0x00, 0x00, 0x73, 0x65, 0x71, 0x75, 0x65, 0x6e, 0x74, 0x69, 
  0x61, 0x6c, 0x5f, 0x31, 0x2f, 0x62, 0x61, 0x74, 0x63, 0x68, 0x5f, 0x6e, 
  0x6f, 0x72, 0x6d, 0x61, 0x6c, 0x69, 0x7a, 0x61, 0x74, 0x69, 0x6f, 0x6e, 
  0x5f, 0x32, 0x5f, 0x31, 0x2f, 0x62, 0x61, 0x74, 0x63, 0x68, 0x6e, 0x6f, 
  0x72, 0x6d, 0x2f, 0x73, 0x75, 0x62, 0x00, 0x00, 0x01, 0x00, 0x00, 0x00, 
  0x20, 0x00, 0x00, 0x00, 0xfa, 0xfe, 0xff, 0xff, 0x00, 0x00, 0x00, 0x01, 
  0x14, 0x00, 0x00, 0x00, 0x48, 0x00, 0x00, 0x00, 0x04, 0x00, 0x00, 0x00, 
  0x00, 0x00, 0x00, 0x09, 0x5c, 0x00, 0x00, 0x00, 0x44, 0xfe, 0xff, 0xff, 
  0x08, 0x00, 0x00, 0x00, 0x20, 0x00, 0x00, 0x00, 0x03, 0x00, 0x00, 0x00, 
  0x00, 0x00, 0x00, 0x00, 0x00, 0x00, 0x00, 0x00, 0x00, 0x00, 0x00, 0x00, 
  0x00, 0x00, 0x00, 0x00, 0x00, 0x00, 0x00, 0x00, 0x00, 0x00, 0x00, 0x00, 
  0x03, 0x00, 0x00, 0x00, 0xe0, 0x8c, 0xe6, 0x3b, 0xb7, 0xe3, 0xdb, 0x3b, 
  0x0d, 0x89, 0xfc, 0x3b, 0x1b, 0x00, 0x00, 0x00, 0x73, 0x65, 0x71, 0x75, 
  0x65, 0x6e, 0x74, 0x69, 0x61, 0x6c, 0x5f, 0x31, 0x2f, 0x64, 0x65, 0x6e, 
  0x73, 0x65, 0x5f, 0x31, 0x2f, 0x4d, 0x61, 0x74, 0x4d, 0x75, 0x6c, 0x00, 
  0x02, 0x00, 0x00, 0x00, 0x03, 0x00, 0x00, 0x00, 0x20, 0x00, 0x00, 0x00, 
  0x7a, 0xff, 0xff, 0xff, 0x00, 0x00, 0x00, 0x01, 0x14, 0x00, 0x00, 0x00, 
  0x4c, 0x00, 0x00, 0x00, 0x03, 0x00, 0x00, 0x00, 0x00, 0x00, 0x00, 0x02, 
  0x64, 0x00, 0x00, 0x00, 0xc4, 0xfe, 0xff, 0xff, 0x08, 0x00, 0x00, 0x00, 
  0x24, 0x00, 0x00, 0x00, 0x03, 0x00, 0x00, 0x00, 0x00, 0x00, 0x00, 0x00, 
  0x00, 0x00, 0x00, 0x00, 0x00, 0x00, 0x00, 0x00, 0x00, 0x00, 0x00, 0x00, 
  0x00, 0x00, 0x00, 0x00, 0x00, 0x00, 0x00, 0x00, 0x00, 0x00, 0x00, 0x00, 
  0x03, 0x00, 0x00, 0x00, 0x6c, 0x4b, 0xaf, 0x38, 0x5b, 0x30, 0xa7, 0x38, 
  0xb3, 0x02, 0xc0, 0x38, 0x1c, 0x00, 0x00, 0x00, 0x73, 0x65, 0x71, 0x75, 
  0x65, 0x6e, 0x74, 0x69, 0x61, 0x6c, 0x5f, 0x31, 0x2f, 0x64, 0x65, 0x6e, 
  0x73, 0x65, 0x5f, 0x31, 0x2f, 0x42, 0x69, 0x61, 0x73, 0x41, 0x64, 0x64, 
  0x00, 0x00, 0x00, 0x00, 0x01, 0x00, 0x00, 0x00, 0x03, 0x00, 0x00, 0x00, 
  0x00, 0x00, 0x16, 0x00, 0x1c, 0x00, 0x18, 0x00, 0x17, 0x00, 0x10, 0x00, 
  0x0c, 0x00, 0x08, 0x00, 0x00, 0x00, 0x00, 0x00, 0x00, 0x00, 0x07, 0x00, 
  0x16, 0x00, 0x00, 0x00, 0x00, 0x00, 0x00, 0x01, 0x18, 0x00, 0x00, 0x00, 
  0x18, 0x00, 0x00, 0x00, 0x02, 0x00, 0x00, 0x00, 0x00, 0x00, 0x00, 0x02, 
  0x50, 0x00, 0x00, 0x00, 0x04, 0x00, 0x04, 0x00, 0x04, 0x00, 0x00, 0x00, 
  0x3e, 0x00, 0x00, 0x00, 0x73, 0x65, 0x71, 0x75, 0x65, 0x6e, 0x74, 0x69, 
  0x61, 0x6c, 0x5f, 0x31, 0x2f, 0x67, 0x6c, 0x6f, 0x62, 0x61, 0x6c, 0x5f, 
  0x61, 0x76, 0x65, 0x72, 0x61, 0x67, 0x65, 0x5f, 0x70, 0x6f, 0x6f, 0x6c, 
  0x69, 0x6e, 0x67, 0x32, 0x64, 0x5f, 0x31, 0x2f, 0x4d, 0x65, 0x61, 0x6e, 
  0x2f, 0x72, 0x65, 0x64, 0x75, 0x63, 0x74, 0x69, 0x6f, 0x6e, 0x5f, 0x69, 
  0x6e, 0x64, 0x69, 0x63, 0x65, 0x73, 0x00, 0x00, 0x01, 0x00, 0x00, 0x00, 
  0x02, 0x00, 0x00, 0x00, 0x00, 0x00, 0x16, 0x00, 0x20, 0x00, 0x1c, 0x00, 
  0x1b, 0x00, 0x14, 0x00, 0x10, 0x00, 0x0c, 0x00, 0x00, 0x00, 0x00, 0x00, 
  0x08, 0x00, 0x07, 0x00, 0x16, 0x00, 0x00, 0x00, 0x00, 0x00, 0x00, 0x01, 
  0x18, 0x00, 0x00, 0x00, 0x34, 0x00, 0x00, 0x00, 0x54, 0x00, 0x00, 0x00, 
  0x01, 0x00, 0x00, 0x00, 0x00, 0x00, 0x00, 0x09, 0x6c, 0x00, 0x00, 0x00, 
  0x04, 0x00, 0x00, 0x00, 0xff, 0xff, 0xff, 0xff, 0x28, 0x00, 0x00, 0x00, 
  0x40, 0x00, 0x00, 0x00, 0x01, 0x00, 0x00, 0x00, 0x0c, 0x00, 0x0c, 0x00, 
  0x00, 0x00, 0x00, 0x00, 0x08, 0x00, 0x04, 0x00, 0x0c, 0x00, 0x00, 0x00, 
  0x08, 0x00, 0x00, 0x00, 0x14, 0x00, 0x00, 0x00, 0x01, 0x00, 0x00, 0x00, 
  0x07, 0x00, 0x00, 0x00, 0x00, 0x00, 0x00, 0x00, 0x00, 0x00, 0x00, 0x00, 
  0x01, 0x00, 0x00, 0x00, 0x21, 0xd9, 0x12, 0x3d, 0x1e, 0x00, 0x00, 0x00, 
  0x73, 0x65, 0x72, 0x76, 0x69, 0x6e, 0x67, 0x5f, 0x64, 0x65, 0x66, 0x61, 
  0x75, 0x6c, 0x74, 0x5f, 0x6b, 0x65, 0x72, 0x61, 0x73, 0x5f, 0x74, 0x65, 
  0x6e, 0x73, 0x6f, 0x72, 0x3a, 0x30, 0x00, 0x00, 0x04, 0x00, 0x00, 0x00, 
  0x01, 0x00, 0x00, 0x00, 0x28, 0x00, 0x00, 0x00, 0x40, 0x00, 0x00, 0x00, 
  0x01, 0x00, 0x00, 0x00, 0x08, 0x00, 0x00, 0x00, 0xa8, 0x00, 0x00, 0x00, 
  0x88, 0x00, 0x00, 0x00, 0x7c, 0x00, 0x00, 0x00, 0x60, 0x00, 0x00, 0x00, 
  0x40, 0x00, 0x00, 0x00, 0x2c, 0x00, 0x00, 0x00, 0x18, 0x00, 0x00, 0x00, 
  0x04, 0x00, 0x00, 0x00, 0x84, 0xff, 0xff, 0xff, 0x19, 0x00, 0x00, 0x00, 
  0x02, 0x00, 0x00, 0x00, 0x00, 0x00, 0x00, 0x19, 0x94, 0xff, 0xff, 0xff, 
  0x09, 0x00, 0x00, 0x00, 0x04, 0x00, 0x00, 0x00, 0x00, 0x00, 0x00, 0x09, 
  0xa4, 0xff, 0xff, 0xff, 0x28, 0x00, 0x00, 0x00, 0x02, 0x00, 0x00, 0x00, 
  0x00, 0x00, 0x00, 0x28, 0xb4, 0xff, 0xff, 0xff, 0x04, 0x00, 0x00, 0x00, 
  0x03, 0x00, 0x00, 0x00, 0x00, 0x00, 0x00, 0x04, 0x0c, 0x00, 0x0e, 0x00, 
  0x0d, 0x00, 0x00, 0x00, 0x08, 0x00, 0x04, 0x00, 0x0c, 0x00, 0x00, 0x00, 
  0x11, 0x00, 0x00, 0x00, 0x02, 0x00, 0x00, 0x00, 0x00, 0x11, 0x0a, 0x00, 
  0x08, 0x00, 0x00, 0x00, 0x00, 0x00, 0x04, 0x00, 0x0a, 0x00, 0x00, 0x00, 
  0x02, 0x00, 0x00, 0x00, 0xf0, 0xff, 0xff, 0xff, 0x12, 0x00, 0x00, 0x00, 
  0x02, 0x00, 0x00, 0x00, 0x00, 0x00, 0x00, 0x12, 0x0c, 0x00, 0x10, 0x00, 
  0x0f, 0x00, 0x00, 0x00, 0x08, 0x00, 0x04, 0x00, 0x0c, 0x00, 0x00, 0x00, 
  0x03, 0x00, 0x00, 0x00, 0x03, 0x00, 0x00, 0x00, 0x00, 0x00, 0x00, 0x03
  
};
const unsigned int g_model_len = 20568;

#endif // MODEL_DATA_H_
